DATE_M,MCFTR_RATE
11.01.2009,680.36
12.01.2009,699.51
13.01.2009,702.55
14.01.2009,654.51
15.01.2009,649.50
16.01.2009,652.65
19.01.2009,629.43
20.01.2009,611.04
21.01.2009,625.59
22.01.2009,597.90
23.01.2009,593.67
26.01.2009,657.94
27.01.2009,646.51
28.01.2009,667.57
29.01.2009,664.04
30.01.2009,670.10
02.02.2009,671.72
03.02.2009,671.30
04.02.2009,681.89
05.02.2009,668.27
06.02.2009,703.55
09.02.2009,749.22
10.02.2009,780.67
11.02.2009,779.27
12.02.2009,740.28
13.02.2009,785.17
16.02.2009,763.49
17.02.2009,691.85
18.02.2009,673.37
19.02.2009,693.29
20.02.2009,677.35
24.02.2009,674.94
25.02.2009,678.66
26.02.2009,721.27
27.02.2009,714.57
02.03.2009,693.90
03.03.2009,701.79
04.03.2009,735.60
05.03.2009,720.85
06.03.2009,739.05
10.03.2009,804.84
11.03.2009,792.78
12.03.2009,781.28
13.03.2009,803.87
16.03.2009,818.31
17.03.2009,828.71
18.03.2009,797.18
19.03.2009,842.12
20.03.2009,849.75
23.03.2009,911.72
24.03.2009,875.21
25.03.2009,913.36
26.03.2009,911.41
27.03.2009,874.66
30.03.2009,818.97
31.03.2009,829.23
01.04.2009,844.56
02.04.2009,898.95
03.04.2009,898.98
06.04.2009,896.99
07.04.2009,904.77
08.04.2009,936.31
09.04.2009,989.89
10.04.2009,994.93
13.04.2009,970.77
14.04.2009,985.52
15.04.2009,972.00
16.04.2009,983.90
17.04.2009,1000.86
20.04.2009,946.78
21.04.2009,941.11
22.04.2009,970.87
23.04.2009,995.75
24.04.2009,990.22
27.04.2009,968.19
28.04.2009,952.13
29.04.2009,989.17
30.04.2009,987.39
04.05.2009,1027.54
05.05.2009,1026.76
06.05.2009,1057.95
07.05.2009,1085.36
08.05.2009,1103.86
12.05.2009,1136.72
13.05.2009,1081.30
14.05.2009,1073.51
15.05.2009,1075.19
18.05.2009,1086.67
19.05.2009,1117.73
20.05.2009,1174.47
21.05.2009,1109.72
22.05.2009,1130.81
25.05.2009,1127.50
26.05.2009,1116.72
27.05.2009,1136.78
28.05.2009,1153.33
29.05.2009,1205.21
01.06.2009,1294.06
02.06.2009,1285.89
03.06.2009,1190.01
04.06.2009,1202.08
05.06.2009,1227.62
08.06.2009,1201.93
09.06.2009,1194.96
10.06.2009,1216.27
11.06.2009,1221.45
15.06.2009,1157.25
16.06.2009,1180.13
17.06.2009,1115.74
18.06.2009,1095.90
19.06.2009,1091.97
22.06.2009,1006.84
23.06.2009,984.64
24.06.2009,1057.16
25.06.2009,1031.71
26.06.2009,1030.65
29.06.2009,1061.93
30.06.2009,1042.88
01.07.2009,1086.81
02.07.2009,1048.82
03.07.2009,1045.58
06.07.2009,993.13
07.07.2009,995.07
08.07.2009,970.99
09.07.2009,961.99
10.07.2009,935.30
13.07.2009,945.84
14.07.2009,956.85
15.07.2009,1010.31
16.07.2009,1007.65
17.07.2009,1037.11
20.07.2009,1058.18
21.07.2009,1076.51
22.07.2009,1052.71
23.07.2009,1107.09
24.07.2009,1102.34
27.07.2009,1112.96
28.07.2009,1078.01
29.07.2009,1061.37
30.07.2009,1125.54
31.07.2009,1132.90
03.08.2009,1182.00
04.08.2009,1185.38
05.08.2009,1166.09
06.08.2009,1174.52
07.08.2009,1199.70
10.08.2009,1184.41
11.08.2009,1150.12
12.08.2009,1168.51
13.08.2009,1183.74
14.08.2009,1153.81
17.08.2009,1113.64
18.08.2009,1113.70
19.08.2009,1112.22
20.08.2009,1143.19
21.08.2009,1189.63
24.08.2009,1205.22
25.08.2009,1200.17
26.08.2009,1182.88
27.08.2009,1161.67
28.08.2009,1195.31
31.08.2009,1174.72
01.09.2009,1188.71
02.09.2009,1158.28
03.09.2009,1176.60
04.09.2009,1167.84
07.09.2009,1196.18
08.09.2009,1236.94
09.09.2009,1247.85
10.09.2009,1241.58
11.09.2009,1264.20
14.09.2009,1263.98
15.09.2009,1295.20
16.09.2009,1309.94
17.09.2009,1296.44
18.09.2009,1299.92
21.09.2009,1253.40
22.09.2009,1294.07
23.09.2009,1289.67
24.09.2009,1266.47
25.09.2009,1277.87
28.09.2009,1299.74
29.09.2009,1304.65
30.09.2009,1287.92
01.10.2009,1303.24
02.10.2009,1264.93
05.10.2009,1267.45
06.10.2009,1312.93
07.10.2009,1319.09
08.10.2009,1375.41
09.10.2009,1407.27
12.10.2009,1460.30
13.10.2009,1420.78
14.10.2009,1466.13
15.10.2009,1443.31
16.10.2009,1416.87
19.10.2009,1468.69
20.10.2009,1464.94
21.10.2009,1477.26
22.10.2009,1462.05
23.10.2009,1468.53
26.10.2009,1461.24
27.10.2009,1434.36
28.10.2009,1348.33
29.10.2009,1389.89
30.10.2009,1330.93
02.11.2009,1362.45
03.11.2009,1310.94
05.11.2009,1354.06
06.11.2009,1336.22
09.11.2009,1403.68
10.11.2009,1423.24
11.11.2009,1416.13
12.11.2009,1415.69
13.11.2009,1409.76
16.11.2009,1468.84
17.11.2009,1456.39
18.11.2009,1475.99
19.11.2009,1436.93
20.11.2009,1435.46
23.11.2009,1457.94
24.11.2009,1432.20
25.11.2009,1411.70
26.11.2009,1365.27
27.11.2009,1383.69
30.11.2009,1382.52
01.12.2009,1419.53
02.12.2009,1426.43
03.12.2009,1410.63
04.12.2009,1444.53
07.12.2009,1422.48
08.12.2009,1410.52
09.12.2009,1401.26
10.12.2009,1403.67
11.12.2009,1400.14
14.12.2009,1417.36
15.12.2009,1433.82
16.12.2009,1494.41
17.12.2009,1464.16
18.12.2009,1472.71
21.12.2009,1482.94
22.12.2009,1470.29
23.12.2009,1470.94
24.12.2009,1454.16
25.12.2009,1460.53
28.12.2009,1465.34
29.12.2009,1472.80
30.12.2009,1465.80
31.12.2009,1474.41
11.01.2010,1568.06
12.01.2010,1549.49
13.01.2010,1557.46
14.01.2010,1579.86
15.01.2010,1576.62
18.01.2010,1605.78
19.01.2010,1610.66
20.01.2010,1585.91
21.01.2010,1558.42
22.01.2010,1530.73
25.01.2010,1536.67
26.01.2010,1502.95
27.01.2010,1509.96
28.01.2010,1529.22
29.01.2010,1543.46
01.02.2010,1540.83
02.02.2010,1562.18
03.02.2010,1556.14
04.02.2010,1517.86
05.02.2010,1474.11
08.02.2010,1437.69
09.02.2010,1455.10
10.02.2010,1443.23
11.02.2010,1445.52
12.02.2010,1418.89
15.02.2010,1434.51
16.02.2010,1480.47
17.02.2010,1472.42
18.02.2010,1455.77
19.02.2010,1472.05
24.02.2010,1451.16
25.02.2010,1420.63
26.02.2010,1439.40
27.02.2010,1449.10
01.03.2010,1474.80
02.03.2010,1487.65
03.03.2010,1499.86
04.03.2010,1505.43
05.03.2010,1537.97
09.03.2010,1535.99
10.03.2010,1524.90
11.03.2010,1517.90
12.03.2010,1539.47
15.03.2010,1522.55
16.03.2010,1544.92
17.03.2010,1560.74
18.03.2010,1558.72
19.03.2010,1545.28
22.03.2010,1541.43
23.03.2010,1533.88
24.03.2010,1527.53
25.03.2010,1529.59
26.03.2010,1539.24
29.03.2010,1566.06
30.03.2010,1569.99
31.03.2010,1576.88
01.04.2010,1608.97
02.04.2010,1609.52
05.04.2010,1617.55
06.04.2010,1629.61
07.04.2010,1607.64
08.04.2010,1605.63
09.04.2010,1627.69
12.04.2010,1633.98
13.04.2010,1630.37
14.04.2010,1660.02
15.04.2010,1664.72
16.04.2010,1625.74
19.04.2010,1586.69
20.04.2010,1602.73
21.04.2010,1593.97
22.04.2010,1569.50
23.04.2010,1595.88
26.04.2010,1613.97
27.04.2010,1592.12
28.04.2010,1555.27
29.04.2010,1582.31
30.04.2010,1561.54
04.05.2010,1514.81
05.05.2010,1498.89
06.05.2010,1484.43
07.05.2010,1401.22
11.05.2010,1450.74
12.05.2010,1513.51
13.05.2010,1499.19
14.05.2010,1470.16
17.05.2010,1475.87
18.05.2010,1481.37
19.05.2010,1436.33
20.05.2010,1374.45
21.05.2010,1375.45
24.05.2010,1380.30
25.05.2010,1302.03
26.05.2010,1375.74
27.05.2010,1420.12
28.05.2010,1423.49
31.05.2010,1449.08
01.06.2010,1441.70
02.06.2010,1458.83
03.06.2010,1468.88
04.06.2010,1450.40
07.06.2010,1437.90
08.06.2010,1415.51
09.06.2010,1430.43
10.06.2010,1457.58
11.06.2010,1453.23
15.06.2010,1491.54
16.06.2010,1489.66
17.06.2010,1475.08
18.06.2010,1487.62
21.06.2010,1529.50
22.06.2010,1509.81
23.06.2010,1498.78
24.06.2010,1482.66
25.06.2010,1465.72
28.06.2010,1483.49
29.06.2010,1439.85
30.06.2010,1424.64
01.07.2010,1365.16
02.07.2010,1401.50
05.07.2010,1406.01
06.07.2010,1444.89
07.07.2010,1445.04
08.07.2010,1437.28
09.07.2010,1441.12
12.07.2010,1463.32
13.07.2010,1488.72
14.07.2010,1478.59
15.07.2010,1458.57
16.07.2010,1444.80
19.07.2010,1454.59
20.07.2010,1446.06
21.07.2010,1474.75
22.07.2010,1503.63
23.07.2010,1503.08
26.07.2010,1520.56
27.07.2010,1525.61
28.07.2010,1518.35
29.07.2010,1543.89
30.07.2010,1520.78
02.08.2010,1555.87
03.08.2010,1537.25
04.08.2010,1543.81
05.08.2010,1540.11
06.08.2010,1527.51
09.08.2010,1545.06
10.08.2010,1521.61
11.08.2010,1498.99
12.08.2010,1497.53
13.08.2010,1493.09
16.08.2010,1495.01
17.08.2010,1514.87
18.08.2010,1510.15
19.08.2010,1497.42
20.08.2010,1487.85
23.08.2010,1488.33
24.08.2010,1458.99
25.08.2010,1456.02
26.08.2010,1479.77
27.08.2010,1490.76
30.08.2010,1495.42
31.08.2010,1493.38
01.09.2010,1521.38
02.09.2010,1529.28
03.09.2010,1538.39
06.09.2010,1536.73
07.09.2010,1525.88
08.09.2010,1551.39
09.09.2010,1568.18
10.09.2010,1564.26
13.09.2010,1572.72
14.09.2010,1563.60
15.09.2010,1567.05
16.09.2010,1561.28
17.09.2010,1546.62
20.09.2010,1556.64
21.09.2010,1564.34
22.09.2010,1561.41
23.09.2010,1560.22
24.09.2010,1566.70
27.09.2010,1547.73
28.09.2010,1538.39
29.09.2010,1548.28
30.09.2010,1571.33
01.10.2010,1588.05
04.10.2010,1598.37
05.10.2010,1608.12
06.10.2010,1609.31
07.10.2010,1601.88
08.10.2010,1597.91
11.10.2010,1616.94
12.10.2010,1612.22
13.10.2010,1629.05
14.10.2010,1624.52
15.10.2010,1627.16
18.10.2010,1637.17
19.10.2010,1626.08
20.10.2010,1629.35
21.10.2010,1667.12
22.10.2010,1657.51
25.10.2010,1667.27
26.10.2010,1663.55
27.10.2010,1644.15
28.10.2010,1643.66
29.10.2010,1661.97
01.11.2010,1673.28
02.11.2010,1677.17
03.11.2010,1680.27
08.11.2010,1710.98
09.11.2010,1739.85
10.11.2010,1717.93
11.11.2010,1698.07
12.11.2010,1689.93
13.11.2010,1681.35
15.11.2010,1697.80
16.11.2010,1665.57
17.11.2010,1673.52
18.11.2010,1693.47
19.11.2010,1698.48
22.11.2010,1691.52
23.11.2010,1676.73
24.11.2010,1704.12
25.11.2010,1714.31
26.11.2010,1708.96
29.11.2010,1696.13
30.11.2010,1707.99
01.12.2010,1747.53
02.12.2010,1780.93
03.12.2010,1799.68
06.12.2010,1824.78
07.12.2010,1828.97
08.12.2010,1800.25
09.12.2010,1811.75
10.12.2010,1807.08
13.12.2010,1813.74
14.12.2010,1817.92
15.12.2010,1822.26
16.12.2010,1811.29
17.12.2010,1818.53
20.12.2010,1814.49
21.12.2010,1826.19
22.12.2010,1835.77
23.12.2010,1837.85
24.12.2010,1828.35
27.12.2010,1814.97
28.12.2010,1821.75
29.12.2010,1835.77
30.12.2010,1847.21
11.01.2011,1895.07
12.01.2011,1945.37
13.01.2011,1934.63
14.01.2011,1929.09
17.01.2011,1958.86
18.01.2011,1951.83
19.01.2011,1950.88
20.01.2011,1917.10
21.01.2011,1932.02
24.01.2011,1902.51
25.01.2011,1897.58
26.01.2011,1931.10
27.01.2011,1936.61
28.01.2011,1918.34
31.01.2011,1905.52
01.02.2011,1941.49
02.02.2011,1951.96
03.02.2011,1934.67
04.02.2011,1953.19
07.02.2011,1954.05
08.02.2011,1912.28
09.02.2011,1905.41
10.02.2011,1853.94
11.02.2011,1895.03
14.02.2011,1888.95
15.02.2011,1875.18
16.02.2011,1887.52
17.02.2011,1871.79
18.02.2011,1868.69
21.02.2011,1894.07
22.02.2011,1881.19
24.02.2011,1896.91
25.02.2011,1932.88
28.02.2011,1966.19
01.03.2011,1944.73
02.03.2011,1952.41
03.03.2011,1960.65
04.03.2011,1951.95
05.03.2011,1969.26
09.03.2011,1967.74
10.03.2011,1915.27
11.03.2011,1902.17
14.03.2011,1909.72
15.03.2011,1880.70
16.03.2011,1885.83
17.03.2011,1921.71
18.03.2011,1932.44
21.03.2011,1938.93
22.03.2011,1925.82
23.03.2011,1958.14
24.03.2011,1985.61
25.03.2011,1998.95
28.03.2011,2002.75
29.03.2011,1977.58
30.03.2011,2007.95
31.03.2011,2005.73
01.04.2011,2038.73
04.04.2011,2048.23
05.04.2011,2044.02
06.04.2011,2057.04
07.04.2011,2039.72
08.04.2011,2052.60
11.04.2011,2041.33
12.04.2011,1990.63
13.04.2011,2001.57
14.04.2011,1970.25
15.04.2011,1968.98
18.04.2011,1895.66
19.04.2011,1941.63
20.04.2011,1972.32
21.04.2011,1969.24
22.04.2011,1984.02
25.04.2011,1957.45
26.04.2011,1953.41
27.04.2011,1929.82
28.04.2011,1935.01
29.04.2011,1926.38
03.05.2011,1870.65
04.05.2011,1833.15
05.05.2011,1819.19
06.05.2011,1859.10
10.05.2011,1855.92
11.05.2011,1830.09
12.05.2011,1803.55
13.05.2011,1805.15
16.05.2011,1794.92
17.05.2011,1779.09
18.05.2011,1799.40
19.05.2011,1803.48
20.05.2011,1773.90
23.05.2011,1739.80
24.05.2011,1768.20
25.05.2011,1785.94
26.05.2011,1776.38
27.05.2011,1811.60
30.05.2011,1819.27
31.05.2011,1842.83
01.06.2011,1825.79
02.06.2011,1834.32
03.06.2011,1806.26
06.06.2011,1806.78
07.06.2011,1839.10
08.06.2011,1841.45
09.06.2011,1871.87
10.06.2011,1862.61
14.06.2011,1860.06
15.06.2011,1856.92
16.06.2011,1848.38
17.06.2011,1820.42
20.06.2011,1798.65
21.06.2011,1808.87
22.06.2011,1814.13
23.06.2011,1778.49
24.06.2011,1807.33
27.06.2011,1799.55
28.06.2011,1826.70
29.06.2011,1836.10
30.06.2011,1843.39
01.07.2011,1878.99
04.07.2011,1887.86
05.07.2011,1894.66
06.07.2011,1889.59
07.07.2011,1928.50
08.07.2011,1910.82
11.07.2011,1885.23
12.07.2011,1890.15
13.07.2011,1899.31
14.07.2011,1900.75
15.07.2011,1899.77
18.07.2011,1869.89
19.07.2011,1883.74
20.07.2011,1885.59
21.07.2011,1916.36
22.07.2011,1916.18
25.07.2011,1914.07
26.07.2011,1908.72
27.07.2011,1891.18
28.07.2011,1906.81
29.07.2011,1889.96
01.08.2011,1912.04
02.08.2011,1898.90
03.08.2011,1834.74
04.08.2011,1796.86
05.08.2011,1759.52
08.08.2011,1662.83
09.08.2011,1660.64
10.08.2011,1588.23
11.08.2011,1596.55
12.08.2011,1631.67
15.08.2011,1676.19
16.08.2011,1643.45
17.08.2011,1674.53
18.08.2011,1611.99
19.08.2011,1596.36
22.08.2011,1611.21
23.08.2011,1611.50
24.08.2011,1631.08
25.08.2011,1612.62
26.08.2011,1630.87
29.08.2011,1694.99
30.08.2011,1696.94
31.08.2011,1739.93
01.09.2011,1746.15
02.09.2011,1705.99
05.09.2011,1680.04
06.09.2011,1687.77
07.09.2011,1740.46
08.09.2011,1751.65
09.09.2011,1708.61
12.09.2011,1680.44
13.09.2011,1686.04
14.09.2011,1693.64
15.09.2011,1716.56
16.09.2011,1701.05
19.09.2011,1680.44
20.09.2011,1710.56
21.09.2011,1696.27
22.09.2011,1563.67
23.09.2011,1493.62
26.09.2011,1515.76
27.09.2011,1553.53
28.09.2011,1550.66
29.09.2011,1584.24
30.09.2011,1537.91
03.10.2011,1513.29
04.10.2011,1426.75
05.10.2011,1424.39
06.10.2011,1483.61
07.10.2011,1520.89
10.10.2011,1554.03
11.10.2011,1535.12
12.10.2011,1571.64
13.10.2011,1562.93
14.10.2011,1611.49
17.10.2011,1579.00
18.10.2011,1603.97
19.10.2011,1599.05
20.10.2011,1597.19
21.10.2011,1628.89
24.10.2011,1669.19
25.10.2011,1645.96
26.10.2011,1688.31
27.10.2011,1717.27
28.10.2011,1718.65
31.10.2011,1687.16
01.11.2011,1639.53
02.11.2011,1676.19
03.11.2011,1690.06
07.11.2011,1712.39
08.11.2011,1712.24
09.11.2011,1655.86
10.11.2011,1677.00
11.11.2011,1671.81
14.11.2011,1671.15
15.11.2011,1675.05
16.11.2011,1669.87
17.11.2011,1660.95
18.11.2011,1644.33
21.11.2011,1565.53
22.11.2011,1578.30
23.11.2011,1580.95
24.11.2011,1567.99
25.11.2011,1588.36
28.11.2011,1650.71
29.11.2011,1638.00
30.11.2011,1689.03
01.12.2011,1695.39
02.12.2011,1695.96
05.12.2011,1709.61
06.12.2011,1642.04
07.12.2011,1631.33
08.12.2011,1640.30
09.12.2011,1572.64
12.12.2011,1520.47
13.12.2011,1552.68
14.12.2011,1546.60
15.12.2011,1570.48
16.12.2011,1558.99
19.12.2011,1558.39
20.12.2011,1588.77
21.12.2011,1560.54
22.12.2011,1561.52
23.12.2011,1550.76
26.12.2011,1566.50
27.12.2011,1562.06
28.12.2011,1558.62
29.12.2011,1563.10
30.12.2011,1580.19
03.01.2012,1628.12
04.01.2012,1631.31
05.01.2012,1617.02
06.01.2012,1623.43
09.01.2012,1632.18
10.01.2012,1664.32
11.01.2012,1651.46
12.01.2012,1650.40
13.01.2012,1649.16
16.01.2012,1650.27
17.01.2012,1674.98
18.01.2012,1683.27
19.01.2012,1694.54
20.01.2012,1680.40
23.01.2012,1689.55
24.01.2012,1677.64
25.01.2012,1689.01
26.01.2012,1706.96
27.01.2012,1699.43
30.01.2012,1686.20
31.01.2012,1706.18
01.02.2012,1734.72
02.02.2012,1738.14
03.02.2012,1763.42
06.02.2012,1761.22
07.02.2012,1746.14
08.02.2012,1752.47
09.02.2012,1739.10
10.02.2012,1720.52
13.02.2012,1758.92
14.02.2012,1762.21
15.02.2012,1781.67
16.02.2012,1771.50
17.02.2012,1769.44
20.02.2012,1781.46
21.02.2012,1758.66
22.02.2012,1735.18
24.02.2012,1798.79
27.02.2012,1796.65
28.02.2012,1775.72
29.02.2012,1802.49
01.03.2012,1800.36
02.03.2012,1814.24
05.03.2012,1834.16
06.03.2012,1762.46
07.03.2012,1774.47
11.03.2012,1812.26
12.03.2012,1809.93
13.03.2012,1818.52
14.03.2012,1840.26
15.03.2012,1835.16
16.03.2012,1826.54
19.03.2012,1789.79
20.03.2012,1758.47
21.03.2012,1750.72
22.03.2012,1725.59
23.03.2012,1738.52
26.03.2012,1765.77
27.03.2012,1753.54
28.03.2012,1715.28
29.03.2012,1686.50
30.03.2012,1711.86
02.04.2012,1717.01
03.04.2012,1748.77
04.04.2012,1706.83
05.04.2012,1720.63
06.04.2012,1689.13
09.04.2012,1704.13
10.04.2012,1690.12
11.04.2012,1698.81
12.04.2012,1694.14
13.04.2012,1695.29
16.04.2012,1667.15
17.04.2012,1660.27
18.04.2012,1656.82
19.04.2012,1688.46
20.04.2012,1698.05
23.04.2012,1654.32
24.04.2012,1644.24
25.04.2012,1649.26
26.04.2012,1632.57
27.04.2012,1658.06
28.04.2012,1662.40
02.05.2012,1631.42
03.05.2012,1627.67
04.05.2012,1569.48
05.05.2012,1564.15
07.05.2012,1562.72
08.05.2012,1561.45
10.05.2012,1588.86
11.05.2012,1570.45
12.05.2012,1563.47
14.05.2012,1508.88
15.05.2012,1517.15
16.05.2012,1506.26
17.05.2012,1452.88
18.05.2012,1434.48
21.05.2012,1464.88
22.05.2012,1467.89
23.05.2012,1417.64
24.05.2012,1449.15
25.05.2012,1445.90
28.05.2012,1456.19
29.05.2012,1497.21
30.05.2012,1476.02
31.05.2012,1473.90
01.06.2012,1464.49
04.06.2012,1473.27
05.06.2012,1463.32
06.06.2012,1481.56
07.06.2012,1507.65
08.06.2012,1503.80
09.06.2012,1509.61
13.06.2012,1519.04
14.06.2012,1518.60
15.06.2012,1551.53
18.06.2012,1567.07
19.06.2012,1568.16
20.06.2012,1550.93
21.06.2012,1538.39
22.06.2012,1519.86
25.06.2012,1500.68
26.06.2012,1514.97
27.06.2012,1542.04
28.06.2012,1516.05
29.06.2012,1566.41
02.07.2012,1583.60
03.07.2012,1628.64
04.07.2012,1636.41
05.07.2012,1626.72
06.07.2012,1602.39
09.07.2012,1602.77
10.07.2012,1611.79
11.07.2012,1592.04
12.07.2012,1579.75
13.07.2012,1604.90
16.07.2012,1611.17
17.07.2012,1620.39
18.07.2012,1615.99
19.07.2012,1625.26
20.07.2012,1603.63
23.07.2012,1555.58
24.07.2012,1547.40
25.07.2012,1549.58
26.07.2012,1568.15
27.07.2012,1593.35
30.07.2012,1618.81
31.07.2012,1594.50
01.08.2012,1599.97
02.08.2012,1583.20
03.08.2012,1610.66
06.08.2012,1630.81
07.08.2012,1646.62
08.08.2012,1645.77
09.08.2012,1653.62
10.08.2012,1636.80
13.08.2012,1649.09
14.08.2012,1662.57
15.08.2012,1646.37
16.08.2012,1650.40
17.08.2012,1641.76
20.08.2012,1625.98
21.08.2012,1655.26
22.08.2012,1646.57
23.08.2012,1654.15
24.08.2012,1654.81
27.08.2012,1659.86
28.08.2012,1662.86
29.08.2012,1668.28
30.08.2012,1659.79
31.08.2012,1651.77
03.09.2012,1670.80
04.09.2012,1667.56
05.09.2012,1650.27
06.09.2012,1689.10
07.09.2012,1711.75
10.09.2012,1716.68
11.09.2012,1715.77
12.09.2012,1716.34
13.09.2012,1709.45
14.09.2012,1782.32
17.09.2012,1776.50
18.09.2012,1759.01
19.09.2012,1740.23
20.09.2012,1740.42
21.09.2012,1737.37
24.09.2012,1729.55
25.09.2012,1721.07
26.09.2012,1677.85
27.09.2012,1688.87
28.09.2012,1694.88
01.10.2012,1735.79
02.10.2012,1730.46
03.10.2012,1715.16
04.10.2012,1696.80
05.10.2012,1721.10
08.10.2012,1716.45
09.10.2012,1715.67
10.10.2012,1701.68
11.10.2012,1704.24
12.10.2012,1684.31
15.10.2012,1681.29
16.10.2012,1696.02
17.10.2012,1717.26
18.10.2012,1718.39
19.10.2012,1700.67
22.10.2012,1717.98
23.10.2012,1695.14
24.10.2012,1690.83
25.10.2012,1684.29
26.10.2012,1669.76
29.10.2012,1667.87
30.10.2012,1656.05
31.10.2012,1660.65
01.11.2012,1666.72
02.11.2012,1677.60
06.11.2012,1684.83
07.11.2012,1657.92
08.11.2012,1639.79
09.11.2012,1632.25
12.11.2012,1639.92
13.11.2012,1600.23
14.11.2012,1598.52
15.11.2012,1614.90
16.11.2012,1611.89
19.11.2012,1629.25
20.11.2012,1626.71
21.11.2012,1637.56
22.11.2012,1634.00
23.11.2012,1646.24
26.11.2012,1635.51
27.11.2012,1625.04
28.11.2012,1608.81
29.11.2012,1617.39
30.11.2012,1637.97
03.12.2012,1656.61
04.12.2012,1644.79
05.12.2012,1672.92
06.12.2012,1675.91
07.12.2012,1679.33
10.12.2012,1686.61
11.12.2012,1687.43
12.12.2012,1708.50
13.12.2012,1704.26
14.12.2012,1708.08
17.12.2012,1712.71
18.12.2012,1726.70
19.12.2012,1723.55
20.12.2012,1734.49
21.12.2012,1721.93
24.12.2012,1715.27
25.12.2012,1717.37
26.12.2012,1723.29
27.12.2012,1722.86
28.12.2012,1718.76
08.01.2013,1765.99
09.01.2013,1767.38
10.01.2013,1757.06
11.01.2013,1761.35
14.01.2013,1781.92
15.01.2013,1766.49
16.01.2013,1766.04
17.01.2013,1776.39
18.01.2013,1795.99
21.01.2013,1792.62
22.01.2013,1778.28
23.01.2013,1792.42
24.01.2013,1788.09
25.01.2013,1800.04
28.01.2013,1822.08
29.01.2013,1806.72
30.01.2013,1800.89
31.01.2013,1804.78
01.02.2013,1805.31
04.02.2013,1791.46
05.02.2013,1797.31
06.02.2013,1785.66
07.02.2013,1780.41
08.02.2013,1773.45
11.02.2013,1770.50
12.02.2013,1765.99
13.02.2013,1796.24
14.02.2013,1774.39
15.02.2013,1761.48
18.02.2013,1768.88
19.02.2013,1783.53
20.02.2013,1770.31
21.02.2013,1749.59
22.02.2013,1752.99
25.02.2013,1761.24
26.02.2013,1739.00
27.02.2013,1741.93
28.02.2013,1740.77
01.03.2013,1726.13
04.03.2013,1715.48
05.03.2013,1738.64
06.03.2013,1747.16
07.03.2013,1746.99
11.03.2013,1761.87
12.03.2013,1759.19
13.03.2013,1752.87
14.03.2013,1755.92
15.03.2013,1751.40
18.03.2013,1713.57
19.03.2013,1697.62
20.03.2013,1709.13
21.03.2013,1709.36
22.03.2013,1688.44
25.03.2013,1673.32
26.03.2013,1659.90
27.03.2013,1669.27
28.03.2013,1680.02
29.03.2013,1685.17
01.04.2013,1673.34
02.04.2013,1675.48
03.04.2013,1672.71
04.04.2013,1671.46
05.04.2013,1659.54
08.04.2013,1650.00
09.04.2013,1669.84
10.04.2013,1669.86
11.04.2013,1642.01
12.04.2013,1623.40
15.04.2013,1592.77
16.04.2013,1584.19
17.04.2013,1564.89
18.04.2013,1564.09
19.04.2013,1567.86
22.04.2013,1566.00
23.04.2013,1569.59
24.04.2013,1613.05
25.04.2013,1607.42
26.04.2013,1607.23
29.04.2013,1596.14
30.04.2013,1623.44
02.05.2013,1612.53
03.05.2013,1649.39
06.05.2013,1655.72
07.05.2013,1675.34
08.05.2013,1678.57
10.05.2013,1670.74
13.05.2013,1659.31
14.05.2013,1646.73
15.05.2013,1630.59
16.05.2013,1609.12
17.05.2013,1642.08
20.05.2013,1648.02
21.05.2013,1666.92
22.05.2013,1696.71
23.05.2013,1636.37
24.05.2013,1617.59
27.05.2013,1614.55
28.05.2013,1637.31
29.05.2013,1594.80
30.05.2013,1594.60
31.05.2013,1581.61
03.06.2013,1566.65
04.06.2013,1571.71
05.06.2013,1554.32
06.06.2013,1542.77
07.06.2013,1574.38
10.06.2013,1564.25
11.06.2013,1524.49
13.06.2013,1501.73
14.06.2013,1522.49
17.06.2013,1552.55
18.06.2013,1564.12
19.06.2013,1550.56
20.06.2013,1519.45
21.06.2013,1521.65
24.06.2013,1511.54
25.06.2013,1520.96
26.06.2013,1547.68
27.06.2013,1539.29
28.06.2013,1559.49
01.07.2013,1566.18
02.07.2013,1574.67
03.07.2013,1569.29
04.07.2013,1587.96
05.07.2013,1580.32
08.07.2013,1587.57
09.07.2013,1583.86
10.07.2013,1569.71
11.07.2013,1610.20
12.07.2013,1645.64
15.07.2013,1651.92
16.07.2013,1659.78
17.07.2013,1685.32
18.07.2013,1667.47
19.07.2013,1673.40
22.07.2013,1666.16
23.07.2013,1668.30
24.07.2013,1657.30
25.07.2013,1650.79
26.07.2013,1652.28
29.07.2013,1646.58
30.07.2013,1633.72
31.07.2013,1620.16
01.08.2013,1646.85
02.08.2013,1639.42
05.08.2013,1640.31
06.08.2013,1613.53
07.08.2013,1611.47
08.08.2013,1610.98
09.08.2013,1635.03
12.08.2013,1641.77
13.08.2013,1664.94
14.08.2013,1683.87
15.08.2013,1645.44
16.08.2013,1632.36
19.08.2013,1635.85
20.08.2013,1632.61
21.08.2013,1631.80
22.08.2013,1655.57
23.08.2013,1651.49
26.08.2013,1654.48
27.08.2013,1642.33
28.08.2013,1652.84
29.08.2013,1656.91
30.08.2013,1650.13
02.09.2013,1653.82
03.09.2013,1661.43
04.09.2013,1663.66
05.09.2013,1720.18
06.09.2013,1721.39
09.09.2013,1755.42
10.09.2013,1757.88
11.09.2013,1758.54
12.09.2013,1753.84
13.09.2013,1742.36
16.09.2013,1778.33
17.09.2013,1781.41
18.09.2013,1771.64
19.09.2013,1798.53
20.09.2013,1785.88
23.09.2013,1774.87
24.09.2013,1771.36
25.09.2013,1789.34
26.09.2013,1796.06
27.09.2013,1780.05
30.09.2013,1769.08
01.10.2013,1779.85
02.10.2013,1758.76
03.10.2013,1761.42
04.10.2013,1782.85
07.10.2013,1790.10
08.10.2013,1820.26
09.10.2013,1815.26
10.10.2013,1834.28
11.10.2013,1829.80
14.10.2013,1826.38
15.10.2013,1852.34
16.10.2013,1852.22
17.10.2013,1828.94
18.10.2013,1854.38
21.10.2013,1854.69
22.10.2013,1848.82
23.10.2013,1822.82
24.10.2013,1817.02
25.10.2013,1819.46
28.10.2013,1827.96
29.10.2013,1833.60
30.10.2013,1839.42
31.10.2013,1832.40
01.11.2013,1838.39
05.11.2013,1827.22
06.11.2013,1819.95
07.11.2013,1831.23
08.11.2013,1807.33
11.11.2013,1799.94
12.11.2013,1820.51
13.11.2013,1779.75
14.11.2013,1808.95
15.11.2013,1812.47
18.11.2013,1832.88
19.11.2013,1833.59
20.11.2013,1830.35
21.11.2013,1812.81
22.11.2013,1825.57
25.11.2013,1823.52
26.11.2013,1801.62
27.11.2013,1790.76
28.11.2013,1797.12
29.11.2013,1796.99
02.12.2013,1789.59
03.12.2013,1759.93
04.12.2013,1748.29
05.12.2013,1736.13
06.12.2013,1759.72
09.12.2013,1780.41
10.12.2013,1778.61
11.12.2013,1779.25
12.12.2013,1761.11
13.12.2013,1764.78
16.12.2013,1785.99
17.12.2013,1797.13
18.12.2013,1806.27
19.12.2013,1819.73
20.12.2013,1818.80
23.12.2013,1831.27
24.12.2013,1829.96
25.12.2013,1823.53
26.12.2013,1823.95
27.12.2013,1816.06
30.12.2013,1827.30
06.01.2014,1781.22
08.01.2014,1776.99
09.01.2014,1780.07
10.01.2014,1784.99
13.01.2014,1795.15
14.01.2014,1785.53
15.01.2014,1806.03
16.01.2014,1799.01
17.01.2014,1807.23
20.01.2014,1817.53
21.01.2014,1828.86
22.01.2014,1821.63
23.01.2014,1819.41
24.01.2014,1816.59
27.01.2014,1796.71
28.01.2014,1786.19
29.01.2014,1778.19
30.01.2014,1778.45
31.01.2014,1767.81
03.02.2014,1753.70
04.02.2014,1751.66
05.02.2014,1769.69
06.02.2014,1782.70
07.02.2014,1797.02
10.02.2014,1794.34
11.02.2014,1803.20
12.02.2014,1818.35
13.02.2014,1801.30
14.02.2014,1822.69
17.02.2014,1836.47
18.02.2014,1832.51
19.02.2014,1812.63
20.02.2014,1807.00
21.02.2014,1815.12
24.02.2014,1816.79
25.02.2014,1804.13
26.02.2014,1792.99
27.02.2014,1767.60
28.02.2014,1762.73
03.03.2014,1572.52
04.03.2014,1655.16
05.03.2014,1648.53
06.03.2014,1632.51
07.03.2014,1634.19
11.03.2014,1596.78
12.03.2014,1554.70
13.03.2014,1523.41
14.03.2014,1509.83
17.03.2014,1566.28
18.03.2014,1629.92
19.03.2014,1609.38
20.03.2014,1611.18
21.03.2014,1595.13
24.03.2014,1583.62
25.03.2014,1615.99
26.03.2014,1646.43
27.03.2014,1625.13
28.03.2014,1640.00
31.03.2014,1670.71
01.04.2014,1678.57
02.04.2014,1675.64
03.04.2014,1666.75
04.04.2014,1686.72
07.04.2014,1646.92
08.04.2014,1650.02
09.04.2014,1645.77
10.04.2014,1668.78
11.04.2014,1662.31
14.04.2014,1640.90
15.04.2014,1599.60
16.04.2014,1613.74
17.04.2014,1622.37
18.04.2014,1655.16
21.04.2014,1641.12
22.04.2014,1629.63
23.04.2014,1621.69
24.04.2014,1586.83
25.04.2014,1561.91
28.04.2014,1586.10
29.04.2014,1593.00
30.04.2014,1594.65
02.05.2014,1593.22
05.05.2014,1585.23
06.05.2014,1609.99
07.05.2014,1664.82
08.05.2014,1674.52
12.05.2014,1679.27
13.05.2014,1691.46
14.05.2014,1696.12
15.05.2014,1687.43
16.05.2014,1700.01
19.05.2014,1726.33
20.05.2014,1740.65
21.05.2014,1758.13
22.05.2014,1746.71
23.05.2014,1757.01
26.05.2014,1769.69
27.05.2014,1730.56
28.05.2014,1741.10
29.05.2014,1767.28
30.05.2014,1748.53
02.06.2014,1788.13
03.06.2014,1798.34
04.06.2014,1801.96
05.06.2014,1795.74
06.06.2014,1813.13
09.06.2014,1813.68
10.06.2014,1821.60
11.06.2014,1847.22
16.06.2014,1838.30
17.06.2014,1829.01
18.06.2014,1838.73
19.06.2014,1840.01
20.06.2014,1832.23
23.06.2014,1832.53
24.06.2014,1872.64
25.06.2014,1827.17
26.06.2014,1816.36
27.06.2014,1821.46
30.06.2014,1822.28
01.07.2014,1830.35
02.07.2014,1869.12
03.07.2014,1869.71
04.07.2014,1845.31
07.07.2014,1880.42
08.07.2014,1884.20
09.07.2014,1880.02
10.07.2014,1859.37
11.07.2014,1866.24
14.07.2014,1853.44
15.07.2014,1850.94
16.07.2014,1865.30
17.07.2014,1823.20
18.07.2014,1800.29
21.07.2014,1752.16
22.07.2014,1779.33
23.07.2014,1780.11
24.07.2014,1782.92
25.07.2014,1757.11
28.07.2014,1723.61
29.07.2014,1733.60
30.07.2014,1749.18
31.07.2014,1745.97
01.08.2014,1739.93
04.08.2014,1745.18
05.08.2014,1718.49
06.08.2014,1689.09
07.08.2014,1687.66
08.08.2014,1706.24
11.08.2014,1736.91
12.08.2014,1739.12
13.08.2014,1770.32
14.08.2014,1781.31
15.08.2014,1794.33
18.08.2014,1803.65
19.08.2014,1819.36
20.08.2014,1831.89
21.08.2014,1849.93
22.08.2014,1830.75
25.08.2014,1840.97
26.08.2014,1826.60
27.08.2014,1832.41
28.08.2014,1801.87
29.08.2014,1772.68
01.09.2014,1762.16
02.09.2014,1772.22
03.09.2014,1834.16
04.09.2014,1844.51
05.09.2014,1866.49
08.09.2014,1853.90
09.09.2014,1858.21
10.09.2014,1858.70
11.09.2014,1834.75
12.09.2014,1846.00
15.09.2014,1840.52
16.09.2014,1869.78
17.09.2014,1834.42
18.09.2014,1833.48
19.09.2014,1812.00
22.09.2014,1788.27
23.09.2014,1809.31
24.09.2014,1824.98
25.09.2014,1817.66
26.09.2014,1815.48
29.09.2014,1782.67
30.09.2014,1786.20
01.10.2014,1772.18
02.10.2014,1742.25
03.10.2014,1752.77
06.10.2014,1795.17
07.10.2014,1776.60
08.10.2014,1746.57
09.10.2014,1753.61
10.10.2014,1728.16
13.10.2014,1754.78
14.10.2014,1767.75
15.10.2014,1746.10
16.10.2014,1724.85
17.10.2014,1755.78
20.10.2014,1745.18
21.10.2014,1754.04
22.10.2014,1742.43
23.10.2014,1740.82
24.10.2014,1751.40
27.10.2014,1769.01
28.10.2014,1795.96
29.10.2014,1826.50
30.10.2014,1843.39
31.10.2014,1888.53
03.11.2014,1892.22
05.11.2014,1897.38
06.11.2014,1900.17
07.11.2014,1899.73
10.11.2014,1922.89
11.11.2014,1922.15
12.11.2014,1920.94
13.11.2014,1893.59
14.11.2014,1904.36
17.11.2014,1912.40
18.11.2014,1928.28
19.11.2014,1926.20
20.11.2014,1942.18
21.11.2014,1953.00
24.11.2014,1943.64
25.11.2014,1943.68
26.11.2014,1953.66
27.11.2014,1946.37
28.11.2014,1948.90
01.12.2014,2005.70
02.12.2014,2011.72
03.12.2014,2041.87
04.12.2014,2010.40
05.12.2014,1943.21
08.12.2014,1882.30
09.12.2014,1874.61
10.12.2014,1889.39
11.12.2014,1848.97
12.12.2014,1854.86
15.12.2014,1811.29
16.12.2014,1835.86
17.12.2014,1797.05
18.12.2014,1877.81
19.12.2014,1851.96
22.12.2014,1836.81
23.12.2014,1787.12
24.12.2014,1791.34
25.12.2014,1806.81
26.12.2014,1818.69
29.12.2014,1840.26
30.12.2014,1793.60
05.01.2015,1843.75
06.01.2015,1901.63
08.01.2015,1987.24
09.01.2015,1946.29
12.01.2015,1943.52
13.01.2015,1969.04
14.01.2015,1996.49
15.01.2015,2007.73
16.01.2015,2043.97
19.01.2015,2024.67
20.01.2015,2017.70
21.01.2015,2078.32
22.01.2015,2140.47
23.01.2015,2147.20
26.01.2015,2109.40
27.01.2015,2149.92
28.01.2015,2116.26
29.01.2015,2105.91
30.01.2015,2116.23
02.02.2015,2087.49
03.02.2015,2124.80
04.02.2015,2126.93
05.02.2015,2178.36
06.02.2015,2254.63
09.02.2015,2245.77
10.02.2015,2237.81
11.02.2015,2265.10
12.02.2015,2315.45
13.02.2015,2360.89
16.02.2015,2312.61
17.02.2015,2303.92
18.02.2015,2324.27
19.02.2015,2309.12
20.02.2015,2302.48
24.02.2015,2276.10
25.02.2015,2242.79
26.02.2015,2261.33
27.02.2015,2259.16
02.03.2015,2290.46
03.03.2015,2321.74
04.03.2015,2259.64
05.03.2015,2261.19
06.03.2015,2220.09
10.03.2015,2138.95
11.03.2015,2146.77
12.03.2015,2138.08
13.03.2015,2090.79
16.03.2015,2067.63
17.03.2015,2069.99
18.03.2015,2096.23
19.03.2015,2065.22
20.03.2015,2091.76
23.03.2015,2058.64
24.03.2015,2078.90
25.03.2015,2074.89
26.03.2015,2031.66
27.03.2015,2018.44
30.03.2015,2071.47
31.03.2015,2088.61
01.04.2015,2134.48
02.04.2015,2156.75
03.04.2015,2159.62
06.04.2015,2184.24
07.04.2015,2177.82
08.04.2015,2162.39
09.04.2015,2141.80
10.04.2015,2128.21
13.04.2015,2155.40
14.04.2015,2115.85
15.04.2015,2154.78
16.04.2015,2167.51
17.04.2015,2128.70
20.04.2015,2162.95
21.04.2015,2197.64
22.04.2015,2155.65
23.04.2015,2136.48
24.04.2015,2162.25
27.04.2015,2155.21
28.04.2015,2156.07
29.04.2015,2147.40
30.04.2015,2170.87
05.05.2015,2213.89
06.05.2015,2204.26
07.05.2015,2169.12
08.05.2015,2198.17
12.05.2015,2193.15
13.05.2015,2164.38
14.05.2015,2158.35
15.05.2015,2176.22
18.05.2015,2159.61
19.05.2015,2134.92
20.05.2015,2105.97
21.05.2015,2134.88
22.05.2015,2151.92
25.05.2015,2138.67
26.05.2015,2133.84
27.05.2015,2146.14
28.05.2015,2141.80
29.05.2015,2079.22
01.06.2015,2089.48
02.06.2015,2123.69
03.06.2015,2104.90
04.06.2015,2118.12
05.06.2015,2136.22
08.06.2015,2129.53
09.06.2015,2151.67
10.06.2015,2137.55
11.06.2015,2137.85
15.06.2015,2145.13
16.06.2015,2160.05
17.06.2015,2154.67
18.06.2015,2150.79
19.06.2015,2154.53
22.06.2015,2165.89
23.06.2015,2147.02
24.06.2015,2140.05
25.06.2015,2114.32
26.06.2015,2133.91
29.06.2015,2121.56
30.06.2015,2147.02
01.07.2015,2127.75
02.07.2015,2130.31
03.07.2015,2119.74
06.07.2015,2113.19
07.07.2015,2103.90
08.07.2015,2078.95
09.07.2015,2104.48
10.07.2015,2117.15
13.07.2015,2152.13
14.07.2015,2160.62
15.07.2015,2184.48
16.07.2015,2200.79
17.07.2015,2197.78
20.07.2015,2166.72
21.07.2015,2178.61
22.07.2015,2178.53
23.07.2015,2152.91
24.07.2015,2125.56
27.07.2015,2111.32
28.07.2015,2137.40
29.07.2015,2161.14
30.07.2015,2180.32
31.07.2015,2223.33
03.08.2015,2216.32
04.08.2015,2230.60
05.08.2015,2255.39
06.08.2015,2232.26
07.08.2015,2251.89
10.08.2015,2267.31
11.08.2015,2261.78
12.08.2015,2261.49
13.08.2015,2270.10
14.08.2015,2281.23
17.08.2015,2275.21
18.08.2015,2252.95
19.08.2015,2229.80
20.08.2015,2258.72
21.08.2015,2215.75
24.08.2015,2176.89
25.08.2015,2208.84
26.08.2015,2212.60
27.08.2015,2258.25
28.08.2015,2290.14
31.08.2015,2308.81
01.09.2015,2261.94
02.09.2015,2252.39
03.09.2015,2278.86
04.09.2015,2262.33
07.09.2015,2266.35
08.09.2015,2283.67
09.09.2015,2294.66
10.09.2015,2289.96
11.09.2015,2288.84
14.09.2015,2304.41
15.09.2015,2286.44
16.09.2015,2307.15
17.09.2015,2303.68
18.09.2015,2279.22
21.09.2015,2264.40
22.09.2015,2217.15
23.09.2015,2185.78
24.09.2015,2164.24
25.09.2015,2189.18
28.09.2015,2158.10
29.09.2015,2176.99
30.09.2015,2193.63
01.10.2015,2172.27
02.10.2015,2153.03
05.10.2015,2207.86
06.10.2015,2232.21
07.10.2015,2243.96
08.10.2015,2259.01
09.10.2015,2311.55
12.10.2015,2287.69
13.10.2015,2302.84
14.10.2015,2305.79
15.10.2015,2318.10
16.10.2015,2298.14
19.10.2015,2296.91
20.10.2015,2305.66
21.10.2015,2288.69
22.10.2015,2291.76
23.10.2015,2309.63
26.10.2015,2291.80
27.10.2015,2310.22
28.10.2015,2311.18
29.10.2015,2287.07
30.10.2015,2290.99
02.11.2015,2323.41
03.11.2015,2360.69
05.11.2015,2364.28
06.11.2015,2348.32
09.11.2015,2344.42
10.11.2015,2338.39
11.11.2015,2329.85
12.11.2015,2329.05
13.11.2015,2313.27
16.11.2015,2328.83
17.11.2015,2392.32
18.11.2015,2423.44
19.11.2015,2424.41
20.11.2015,2445.18
23.11.2015,2500.53
24.11.2015,2422.87
25.11.2015,2454.30
26.11.2015,2447.30
27.11.2015,2403.66
30.11.2015,2370.66
01.12.2015,2373.23
02.12.2015,2369.43
03.12.2015,2392.32
04.12.2015,2349.48
07.12.2015,2330.63
08.12.2015,2300.68
09.12.2015,2319.85
10.12.2015,2320.23
11.12.2015,2303.39
14.12.2015,2287.84
15.12.2015,2333.04
16.12.2015,2349.45
17.12.2015,2384.61
18.12.2015,2302.51
21.12.2015,2301.21
22.12.2015,2309.84
23.12.2015,2349.95
24.12.2015,2343.03
25.12.2015,2331.61
28.12.2015,2327.56
29.12.2015,2375.21
30.12.2015,2372.49
04.01.2016,2336.39
05.01.2016,2365.85
06.01.2016,2358.35
11.01.2016,2269.30
12.01.2016,2279.76
13.01.2016,2272.32
14.01.2016,2266.91
15.01.2016,2169.25
18.01.2016,2188.23
19.01.2016,2219.42
20.01.2016,2198.96
21.01.2016,2262.08
22.01.2016,2317.10
25.01.2016,2315.63
26.01.2016,2300.05
27.01.2016,2357.46
28.01.2016,2390.32
29.01.2016,2407.84
01.02.2016,2392.05
02.02.2016,2371.88
03.02.2016,2355.81
04.02.2016,2411.91
05.02.2016,2402.00
08.02.2016,2353.01
09.02.2016,2324.80
10.02.2016,2334.88
11.02.2016,2308.91
12.02.2016,2328.42
15.02.2016,2345.28
16.02.2016,2365.95
17.02.2016,2388.14
18.02.2016,2437.91
19.02.2016,2419.24
20.02.2016,2414.90
22.02.2016,2458.38
24.02.2016,2424.50
25.02.2016,2433.43
26.02.2016,2450.76
29.02.2016,2482.38
01.03.2016,2487.77
02.03.2016,2472.49
03.03.2016,2507.36
04.03.2016,2533.80
07.03.2016,2576.00
09.03.2016,2540.15
10.03.2016,2542.35
11.03.2016,2531.44
14.03.2016,2516.29
15.03.2016,2502.46
16.03.2016,2524.24
17.03.2016,2550.66
18.03.2016,2582.00
21.03.2016,2569.16
22.03.2016,2567.77
23.03.2016,2535.96
24.03.2016,2518.12
25.03.2016,2517.53
28.03.2016,2494.71
29.03.2016,2489.16
30.03.2016,2520.05
31.03.2016,2524.17
01.04.2016,2504.77
04.04.2016,2518.08
05.04.2016,2505.20
06.04.2016,2509.36
07.04.2016,2507.58
08.04.2016,2532.42
11.04.2016,2572.39
12.04.2016,2562.09
13.04.2016,2607.33
14.04.2016,2584.47
15.04.2016,2574.34
18.04.2016,2553.91
19.04.2016,2604.52
20.04.2016,2645.05
21.04.2016,2631.42
22.04.2016,2654.61
25.04.2016,2638.70
26.04.2016,2626.66
27.04.2016,2610.76
28.04.2016,2658.26
29.04.2016,2637.54
04.05.2016,2600.44
05.05.2016,2574.91
06.05.2016,2568.27
10.05.2016,2546.36
11.05.2016,2578.38
12.05.2016,2568.72
13.05.2016,2578.53
16.05.2016,2589.53
17.05.2016,2580.97
18.05.2016,2592.11
19.05.2016,2557.34
20.05.2016,2557.08
23.05.2016,2526.12
24.05.2016,2547.33
25.05.2016,2567.37
26.05.2016,2588.57
27.05.2016,2606.51
30.05.2016,2617.27
31.05.2016,2567.88
01.06.2016,2559.99
02.06.2016,2556.75
03.06.2016,2551.42
06.06.2016,2590.37
07.06.2016,2638.67
08.06.2016,2639.06
09.06.2016,2616.98
10.06.2016,2582.27
14.06.2016,2558.28
15.06.2016,2563.47
16.06.2016,2537.02
17.06.2016,2546.91
20.06.2016,2585.01
21.06.2016,2586.80
22.06.2016,2576.86
23.06.2016,2607.52
24.06.2016,2564.57
27.06.2016,2506.49
28.06.2016,2527.58
29.06.2016,2569.66
30.06.2016,2574.11
01.07.2016,2584.05
04.07.2016,2603.85
05.07.2016,2587.69
06.07.2016,2565.55
07.07.2016,2575.10
08.07.2016,2594.06
11.07.2016,2632.80
12.07.2016,2667.54
13.07.2016,2664.82
14.07.2016,2675.67
15.07.2016,2686.71
18.07.2016,2681.21
19.07.2016,2675.04
20.07.2016,2673.92
21.07.2016,2691.53
22.07.2016,2690.41
25.07.2016,2697.22
26.07.2016,2706.63
27.07.2016,2706.81
28.07.2016,2728.87
29.07.2016,2715.15
01.08.2016,2718.98
02.08.2016,2670.57
03.08.2016,2679.59
04.08.2016,2715.60
05.08.2016,2714.72
08.08.2016,2732.42
09.08.2016,2732.10
10.08.2016,2712.89
11.08.2016,2726.17
12.08.2016,2747.12
15.08.2016,2761.23
16.08.2016,2759.16
17.08.2016,2749.93
18.08.2016,2751.16
19.08.2016,2736.70
22.08.2016,2763.75
23.08.2016,2778.31
24.08.2016,2770.04
25.08.2016,2772.79
26.08.2016,2783.67
29.08.2016,2774.41
30.08.2016,2772.97
31.08.2016,2753.28
01.09.2016,2760.90
02.09.2016,2798.41
05.09.2016,2817.42
06.09.2016,2848.35
07.09.2016,2868.21
08.09.2016,2864.05
09.09.2016,2832.60
12.09.2016,2820.94
13.09.2016,2799.43
14.09.2016,2799.40
15.09.2016,2789.27
16.09.2016,2768.84
19.09.2016,2776.14
20.09.2016,2782.86
21.09.2016,2791.09
22.09.2016,2831.18
23.09.2016,2812.35
26.09.2016,2792.93
27.09.2016,2761.59
28.09.2016,2768.80
29.09.2016,2790.85
30.09.2016,2765.79
03.10.2016,2778.10
04.10.2016,2775.61
05.10.2016,2762.79
06.10.2016,2774.41
07.10.2016,2769.01
10.10.2016,2800.47
11.10.2016,2801.19
12.10.2016,2789.89
13.10.2016,2769.77
14.10.2016,2755.78
17.10.2016,2742.55
18.10.2016,2759.60
19.10.2016,2757.34
20.10.2016,2742.75
21.10.2016,2743.61
24.10.2016,2750.74
25.10.2016,2770.92
26.10.2016,2767.58
27.10.2016,2774.58
28.10.2016,2777.32
31.10.2016,2788.37
01.11.2016,2798.50
02.11.2016,2759.12
03.11.2016,2750.63
07.11.2016,2736.58
08.11.2016,2757.94
09.11.2016,2819.12
10.11.2016,2864.59
11.11.2016,2847.62
14.11.2016,2833.70
15.11.2016,2826.80
16.11.2016,2843.42
17.11.2016,2862.81
18.11.2016,2856.55
21.11.2016,2885.25
22.11.2016,2895.63
23.11.2016,2923.06
24.11.2016,2947.19
25.11.2016,2940.44
28.11.2016,2935.53
29.11.2016,2924.59
30.11.2016,2949.91
01.12.2016,2973.68
02.12.2016,2983.66
05.12.2016,3024.78
06.12.2016,3016.40
07.12.2016,3027.83
08.12.2016,3093.01
09.12.2016,3095.13
12.12.2016,3121.98
13.12.2016,3150.20
14.12.2016,3125.00
15.12.2016,3136.78
16.12.2016,3129.01
19.12.2016,3106.97
20.12.2016,3121.93
21.12.2016,3102.25
22.12.2016,3060.43
23.12.2016,3058.37
26.12.2016,3064.96
27.12.2016,3088.21
28.12.2016,3079.11
29.12.2016,3112.96
30.12.2016,3150.20
03.01.2017,3224.57
04.01.2017,3194.19
05.01.2017,3132.74
06.01.2017,3123.69
09.01.2017,3119.91
10.01.2017,3156.93
11.01.2017,3130.97
12.01.2017,3121.64
13.01.2017,3097.92
16.01.2017,3089.28
17.01.2017,3074.69
18.01.2017,3062.49
19.01.2017,3051.43
20.01.2017,3048.20
23.01.2017,3028.62
24.01.2017,3068.84
25.01.2017,3070.83
26.01.2017,3146.20
27.01.2017,3198.21
30.01.2017,3153.17
31.01.2017,3129.53
01.02.2017,3149.70
02.02.2017,3129.77
03.02.2017,3142.55
06.02.2017,3119.82
07.02.2017,3131.48
08.02.2017,3090.33
09.02.2017,3068.27
10.02.2017,3051.63
13.02.2017,3050.64
14.02.2017,3022.42
15.02.2017,3016.19
16.02.2017,3032.28
17.02.2017,3003.67
20.02.2017,2990.80
21.02.2017,3002.98
22.02.2017,2972.74
24.02.2017,2954.10
27.02.2017,2902.40
28.02.2017,2873.20
01.03.2017,2907.22
02.03.2017,2891.87
03.03.2017,2903.01
06.03.2017,2889.64
07.03.2017,2857.78
09.03.2017,2786.36
10.03.2017,2785.97
13.03.2017,2822.91
14.03.2017,2824.48
15.03.2017,2812.26
16.03.2017,2843.00
17.03.2017,2874.88
20.03.2017,2883.01
21.03.2017,2890.56
22.03.2017,2909.56
23.03.2017,2894.75
24.03.2017,2878.85
27.03.2017,2841.29
28.03.2017,2868.64
29.03.2017,2856.18
30.03.2017,2853.60
31.03.2017,2816.93
03.04.2017,2834.87
04.04.2017,2858.98
05.04.2017,2902.20
06.04.2017,2899.90
07.04.2017,2851.27
10.04.2017,2782.11
11.04.2017,2791.60
12.04.2017,2749.41
13.04.2017,2744.92
14.04.2017,2704.82
17.04.2017,2742.13
18.04.2017,2710.47
19.04.2017,2705.12
20.04.2017,2727.23
21.04.2017,2744.95
24.04.2017,2794.14
25.04.2017,2820.73
26.04.2017,2860.97
27.04.2017,2839.45
28.04.2017,2848.25
02.05.2017,2862.58
03.05.2017,2815.70
04.05.2017,2823.53
05.05.2017,2830.28
10.05.2017,2866.75
11.05.2017,2830.46
12.05.2017,2819.21
15.05.2017,2834.23
16.05.2017,2819.83
17.05.2017,2821.82
18.05.2017,2784.06
19.05.2017,2776.61
22.05.2017,2759.79
23.05.2017,2773.44
24.05.2017,2761.87
25.05.2017,2755.19
26.05.2017,2737.45
29.05.2017,2746.68
30.05.2017,2735.55
31.05.2017,2689.52
01.06.2017,2646.04
02.06.2017,2663.32
05.06.2017,2657.94
06.06.2017,2647.11
07.06.2017,2644.82
08.06.2017,2653.01
09.06.2017,2666.22
13.06.2017,2653.74
14.06.2017,2621.02
15.06.2017,2591.79
16.06.2017,2599.05
19.06.2017,2641.74
20.06.2017,2653.42
21.06.2017,2643.21
22.06.2017,2664.82
23.06.2017,2675.44
26.06.2017,2665.31
27.06.2017,2691.88
28.06.2017,2710.57
29.06.2017,2694.89
30.06.2017,2694.84
03.07.2017,2728.34
04.07.2017,2749.57
05.07.2017,2755.28
06.07.2017,2779.78
07.07.2017,2770.22
10.07.2017,2790.55
11.07.2017,2807.80
12.07.2017,2832.95
13.07.2017,2843.44
14.07.2017,2845.10
17.07.2017,2842.81
18.07.2017,2830.33
19.07.2017,2870.87
20.07.2017,2862.96
21.07.2017,2831.51
24.07.2017,2841.25
25.07.2017,2829.45
26.07.2017,2843.23
27.07.2017,2860.91
28.07.2017,2819.19
31.07.2017,2823.28
01.08.2017,2854.48
02.08.2017,2891.77
03.08.2017,2891.49
04.08.2017,2874.12
07.08.2017,2898.96
08.08.2017,2927.27
09.08.2017,2907.11
10.08.2017,2884.04
11.08.2017,2861.38
14.08.2017,2871.56
15.08.2017,2869.40
16.08.2017,2858.51
17.08.2017,2856.51
18.08.2017,2840.61
21.08.2017,2850.83
22.08.2017,2865.16
23.08.2017,2881.53
24.08.2017,2903.57
25.08.2017,2911.86
28.08.2017,2923.65
29.08.2017,2926.55
30.08.2017,2955.62
31.08.2017,2975.25
01.09.2017,2958.71
04.09.2017,2947.44
05.09.2017,2948.47
06.09.2017,2964.03
07.09.2017,2957.93
08.09.2017,2991.16
11.09.2017,3007.90
12.09.2017,3029.49
13.09.2017,3022.83
14.09.2017,3022.16
15.09.2017,3024.46
18.09.2017,3032.83
19.09.2017,3017.97
20.09.2017,3030.55
21.09.2017,3034.54
22.09.2017,3022.07
25.09.2017,3049.26
26.09.2017,3052.23
27.09.2017,3066.96
28.09.2017,3054.02
29.09.2017,3062.20
02.10.2017,3060.04
03.10.2017,3061.64
04.10.2017,3062.06
05.10.2017,3078.61
06.10.2017,3086.78
09.10.2017,3094.03
10.10.2017,3080.18
11.10.2017,3102.07
12.10.2017,3096.50
13.10.2017,3102.13
16.10.2017,3113.39
17.10.2017,3092.97
18.10.2017,3099.44
19.10.2017,3067.37
20.10.2017,3066.03
23.10.2017,3054.17
24.10.2017,3051.18
25.10.2017,3032.96
26.10.2017,3028.83
27.10.2017,3061.49
30.10.2017,3056.30
31.10.2017,3054.91
01.11.2017,3082.17
02.11.2017,3067.83
03.11.2017,3079.83
07.11.2017,3189.93
08.11.2017,3200.97
09.11.2017,3231.45
10.11.2017,3210.22
13.11.2017,3207.81
14.11.2017,3206.62
15.11.2017,3154.71
16.11.2017,3156.04
17.11.2017,3154.95
20.11.2017,3152.70
21.11.2017,3190.33
22.11.2017,3196.75
23.11.2017,3179.58
24.11.2017,3198.25
27.11.2017,3175.60
28.11.2017,3180.90
29.11.2017,3143.36
30.11.2017,3108.64
01.12.2017,3116.59
04.12.2017,3138.19
05.12.2017,3129.71
06.12.2017,3145.15
07.12.2017,3114.86
08.12.2017,3117.59
11.12.2017,3182.17
12.12.2017,3200.17
13.12.2017,3157.50
14.12.2017,3188.06
15.12.2017,3175.99
18.12.2017,3162.57
19.12.2017,3138.24
20.12.2017,3115.74
21.12.2017,3119.81
22.12.2017,3134.06
25.12.2017,3137.36
26.12.2017,3125.40
27.12.2017,3139.02
28.12.2017,3134.13
29.12.2017,3144.34
03.01.2018,3208.77
04.01.2018,3275.28
05.01.2018,3291.57
09.01.2018,3318.38
10.01.2018,3328.64
11.01.2018,3349.78
12.01.2018,3373.54
15.01.2018,3372.27
16.01.2018,3366.84
17.01.2018,3396.66
18.01.2018,3425.86
19.01.2018,3409.25
22.01.2018,3442.47
23.01.2018,3428.07
24.01.2018,3440.06
25.01.2018,3459.50
26.01.2018,3422.56
29.01.2018,3406.18
30.01.2018,3400.35
31.01.2018,3414.71
01.02.2018,3433.46
02.02.2018,3402.55
05.02.2018,3395.11
06.02.2018,3337.54
07.02.2018,3361.99
08.02.2018,3321.14
09.02.2018,3276.22
12.02.2018,3310.52
13.02.2018,3356.01
14.02.2018,3366.93
15.02.2018,3378.11
16.02.2018,3362.93
19.02.2018,3362.41
20.02.2018,3385.08
21.02.2018,3459.93
22.02.2018,3484.54
26.02.2018,3508.90
27.02.2018,3492.10
28.02.2018,3424.86
01.03.2018,3426.50
02.03.2018,3412.99
05.03.2018,3443.84
06.03.2018,3434.58
07.03.2018,3416.56
09.03.2018,3447.29
12.03.2018,3456.72
13.03.2018,3458.76
14.03.2018,3392.94
15.03.2018,3388.84
16.03.2018,3421.81
19.03.2018,3402.60
20.03.2018,3416.71
21.03.2018,3443.82
22.03.2018,3408.63
23.03.2018,3408.28
26.03.2018,3341.65
27.03.2018,3373.94
28.03.2018,3354.15
29.03.2018,3392.01
30.03.2018,3386.59
02.04.2018,3365.20
03.04.2018,3375.95
04.04.2018,3378.56
05.04.2018,3424.27
06.04.2018,3401.87
09.04.2018,3118.01
10.04.2018,3241.61
11.04.2018,3269.03
12.04.2018,3295.72
13.04.2018,3243.69
16.04.2018,3196.74
17.04.2018,3267.60
18.04.2018,3342.61
19.04.2018,3326.29
20.04.2018,3329.44
23.04.2018,3356.78
24.04.2018,3360.92
25.04.2018,3360.52
26.04.2018,3409.01
27.04.2018,3432.08
28.04.2018,3425.84
30.04.2018,3440.33
02.05.2018,3441.53
03.05.2018,3393.26
04.05.2018,3416.24
07.05.2018,3427.65
08.05.2018,3434.92
10.05.2018,3452.22
11.05.2018,3500.49
14.05.2018,3521.44
15.05.2018,3490.68
16.05.2018,3492.71
17.05.2018,3470.49
18.05.2018,3475.61
21.05.2018,3484.11
22.05.2018,3475.51
23.05.2018,3428.75
24.05.2018,3426.42
25.05.2018,3445.18
28.05.2018,3452.56
29.05.2018,3432.72
30.05.2018,3432.12
31.05.2018,3441.38
01.06.2018,3436.16
04.06.2018,3478.53
05.06.2018,3470.43
06.06.2018,3466.26
07.06.2018,3467.39
08.06.2018,3396.39
09.06.2018,3416.75
13.06.2018,3401.27
14.06.2018,3375.43
15.06.2018,3351.54
18.06.2018,3332.96
19.06.2018,3334.28
20.06.2018,3386.59
21.06.2018,3371.09
22.06.2018,3377.20
25.06.2018,3385.93
26.06.2018,3377.42
27.06.2018,3411.59
28.06.2018,3406.53
29.06.2018,3478.67
02.07.2018,3514.45
03.07.2018,3487.69
04.07.2018,3491.34
05.07.2018,3563.90
06.07.2018,3569.56
09.07.2018,3611.85
10.07.2018,3615.25
11.07.2018,3570.89
12.07.2018,3555.33
13.07.2018,3592.65
16.07.2018,3585.15
17.07.2018,3550.63
18.07.2018,3557.86
19.07.2018,3518.59
20.07.2018,3485.33
23.07.2018,3506.15
24.07.2018,3532.59
25.07.2018,3539.63
26.07.2018,3555.49
27.07.2018,3554.95
30.07.2018,3559.60
31.07.2018,3598.97
01.08.2018,3589.77
02.08.2018,3558.72
03.08.2018,3563.12
06.08.2018,3566.05
07.08.2018,3585.14
08.08.2018,3555.40
09.08.2018,3581.09
10.08.2018,3531.24
13.08.2018,3550.82
14.08.2018,3546.58
15.08.2018,3522.11
16.08.2018,3512.72
17.08.2018,3503.45
20.08.2018,3530.43
21.08.2018,3560.37
22.08.2018,3568.61
23.08.2018,3511.09
24.08.2018,3541.73
27.08.2018,3593.26
28.08.2018,3598.46
29.08.2018,3648.43
30.08.2018,3621.21
31.08.2018,3644.40
03.09.2018,3644.76
04.09.2018,3629.69
05.09.2018,3606.31
06.09.2018,3605.95
07.09.2018,3607.77
10.09.2018,3629.57
11.09.2018,3628.54
12.09.2018,3636.99
13.09.2018,3662.93
14.09.2018,3667.50
17.09.2018,3688.46
18.09.2018,3733.26
19.09.2018,3736.11
20.09.2018,3730.63
21.09.2018,3770.89
24.09.2018,3778.68
25.09.2018,3800.78
26.09.2018,3774.45
27.09.2018,3847.97
28.09.2018,3862.51
01.10.2018,3857.61
02.10.2018,3822.47
03.10.2018,3891.46
04.10.2018,3846.39
05.10.2018,3824.35
08.10.2018,3837.79
09.10.2018,3823.63
10.10.2018,3782.73
11.10.2018,3713.90
12.10.2018,3776.73
15.10.2018,3754.77
16.10.2018,3799.11
17.10.2018,3790.95
18.10.2018,3739.39
19.10.2018,3686.21
22.10.2018,3629.25
23.10.2018,3624.56
24.10.2018,3673.16
25.10.2018,3665.45
26.10.2018,3605.13
29.10.2018,3642.61
30.10.2018,3615.76
31.10.2018,3698.66
01.11.2018,3709.06
02.11.2018,3738.34
06.11.2018,3792.35
07.11.2018,3844.28
08.11.2018,3833.71
09.11.2018,3778.46
12.11.2018,3763.27
13.11.2018,3733.60
14.11.2018,3739.34
15.11.2018,3743.84
16.11.2018,3730.04
19.11.2018,3731.78
20.11.2018,3681.19
21.11.2018,3706.93
22.11.2018,3725.10
23.11.2018,3683.35
26.11.2018,3629.16
27.11.2018,3676.65
28.11.2018,3743.32
29.11.2018,3770.74
30.11.2018,3761.21
03.12.2018,3840.50
04.12.2018,3843.94
05.12.2018,3847.36
06.12.2018,3795.06
07.12.2018,3824.92
10.12.2018,3770.73
11.12.2018,3766.67
12.12.2018,3729.05
13.12.2018,3741.87
14.12.2018,3721.72
17.12.2018,3713.21
18.12.2018,3699.30
19.12.2018,3712.34
20.12.2018,3718.02
21.12.2018,3709.00
24.12.2018,3669.65
25.12.2018,3620.44
26.12.2018,3648.87
27.12.2018,3678.83
28.12.2018,3727.34
29.12.2018,3744.45
03.01.2019,3754.36
04.01.2019,3803.20
08.01.2019,3785.96
09.01.2019,3824.68
10.01.2019,3857.18
11.01.2019,3873.51
14.01.2019,3866.69
15.01.2019,3865.74
16.01.2019,3857.90
17.01.2019,3878.56
18.01.2019,3919.71
21.01.2019,3911.22
22.01.2019,3911.98
23.01.2019,3948.05
24.01.2019,3934.13
25.01.2019,3958.73
28.01.2019,3924.78
29.01.2019,3958.92
30.01.2019,3980.32
31.01.2019,3994.97
01.02.2019,3996.81
04.02.2019,3999.69
05.02.2019,4037.34
06.02.2019,4025.39
07.02.2019,3978.09
08.02.2019,3966.88
11.02.2019,3978.61
12.02.2019,4015.23
13.02.2019,3939.85
14.02.2019,3900.32
15.02.2019,3946.82
18.02.2019,3918.69
19.02.2019,3896.72
20.02.2019,3943.11
21.02.2019,3915.23
22.02.2019,3944.39
25.02.2019,3953.90
26.02.2019,3952.94
27.02.2019,3947.60
28.02.2019,3939.07
01.03.2019,3927.56
04.03.2019,3920.87
05.03.2019,3908.89
06.03.2019,3952.97
07.03.2019,3925.39
11.03.2019,3908.43
12.03.2019,3912.09
13.03.2019,3915.83
14.03.2019,3895.51
15.03.2019,3925.53
18.03.2019,3936.58
19.03.2019,3951.76
20.03.2019,3969.12
21.03.2019,3974.79
22.03.2019,3950.85
25.03.2019,3958.60
26.03.2019,3982.43
27.03.2019,3942.57
28.03.2019,3950.37
29.03.2019,3957.82
01.04.2019,3996.10
02.04.2019,4006.43
03.04.2019,4013.64
04.04.2019,4018.68
05.04.2019,4027.38
08.04.2019,4057.62
09.04.2019,4073.81
10.04.2019,4086.96
11.04.2019,4043.96
12.04.2019,4057.07
15.04.2019,4033.93
16.04.2019,4057.26
17.04.2019,4070.61
18.04.2019,4058.78
19.04.2019,4063.69
22.04.2019,4096.73
23.04.2019,4101.07
24.04.2019,4087.71
25.04.2019,4059.00
26.04.2019,4063.41
29.04.2019,4073.09
30.04.2019,4056.44
02.05.2019,4081.64
03.05.2019,4096.18
06.05.2019,4096.44
07.05.2019,4073.17
08.05.2019,4041.82
10.05.2019,3994.87
13.05.2019,3989.42
14.05.2019,4074.43
15.05.2019,4063.20
16.05.2019,4105.54
17.05.2019,4099.77
20.05.2019,4090.49
21.05.2019,4161.88
22.05.2019,4197.16
23.05.2019,4165.19
24.05.2019,4170.77
27.05.2019,4192.60
28.05.2019,4155.71
29.05.2019,4205.66
30.05.2019,4237.29
31.05.2019,4247.64
03.06.2019,4350.59
04.06.2019,4312.92
05.06.2019,4305.83
06.06.2019,4348.39
07.06.2019,4351.23
10.06.2019,4372.93
11.06.2019,4433.87
13.06.2019,4449.44
14.06.2019,4424.06
17.06.2019,4418.46
18.06.2019,4465.59
19.06.2019,4462.52
20.06.2019,4511.27
21.06.2019,4482.17
24.06.2019,4484.97
25.06.2019,4470.86
26.06.2019,4505.25
27.06.2019,4512.58
28.06.2019,4490.16
01.07.2019,4547.99
02.07.2019,4561.53
03.07.2019,4585.39
04.07.2019,4626.95
05.07.2019,4614.86
08.07.2019,4621.27
09.07.2019,4622.48
10.07.2019,4622.63
11.07.2019,4568.44
12.07.2019,4553.20
15.07.2019,4520.18
16.07.2019,4519.26
17.07.2019,4521.53
18.07.2019,4506.30
19.07.2019,4502.93
22.07.2019,4475.72
23.07.2019,4503.74
24.07.2019,4473.48
25.07.2019,4503.68
26.07.2019,4528.12
29.07.2019,4549.11
30.07.2019,4559.80
31.07.2019,4567.84
01.08.2019,4551.03
02.08.2019,4460.13
05.08.2019,4417.21
06.08.2019,4474.21
07.08.2019,4460.26
08.08.2019,4496.46
09.08.2019,4468.15
12.08.2019,4485.19
13.08.2019,4468.83
14.08.2019,4397.00
15.08.2019,4377.89
16.08.2019,4360.58
19.08.2019,4415.42
20.08.2019,4456.69
21.08.2019,4458.54
22.08.2019,4460.51
23.08.2019,4436.51
26.08.2019,4432.35
27.08.2019,4434.20
28.08.2019,4464.14
29.08.2019,4525.74
30.08.2019,4568.74
02.09.2019,4623.71
03.09.2019,4625.70
04.09.2019,4657.65
05.09.2019,4681.57
06.09.2019,4665.71
09.09.2019,4647.49
10.09.2019,4648.98
11.09.2019,4698.23
12.09.2019,4669.77
13.09.2019,4656.02
16.09.2019,4729.04
17.09.2019,4706.58
18.09.2019,4702.81
19.09.2019,4663.05
20.09.2019,4665.79
23.09.2019,4647.52
24.09.2019,4595.91
25.09.2019,4605.52
26.09.2019,4639.69
30.09.2019,4596.98
01.10.2019,4616.48
02.10.2019,4550.48
03.10.2019,4530.53
04.10.2019,4521.34
07.10.2019,4566.12
08.10.2019,4547.10
10.10.2019,4583.34
11.10.2019,4568.18
14.10.2019,4551.56
15.10.2019,4581.59
16.10.2019,4630.68
17.10.2019,4637.92
18.10.2019,4645.12
21.10.2019,4659.03
22.10.2019,4728.34
23.10.2019,4760.99
24.10.2019,4854.59
25.10.2019,4848.45
28.10.2019,4820.61
29.10.2019,4870.50
30.10.2019,4912.13
31.10.2019,4883.16
01.11.2019,4944.61
05.11.2019,4976.92
06.11.2019,5029.72
07.11.2019,5076.46
08.11.2019,5016.81
11.11.2019,4997.02
12.11.2019,4979.64
13.11.2019,4950.50
14.11.2019,4931.20
15.11.2019,4952.07
18.11.2019,4934.62
19.11.2019,4963.66
20.11.2019,4954.85
21.11.2019,4965.20
22.11.2019,4973.77
25.11.2019,4986.66
26.11.2019,4944.98
27.11.2019,4942.33
28.11.2019,4939.84
29.11.2019,4953.00
02.12.2019,4931.03
03.12.2019,4867.39
04.12.2019,4896.39
05.12.2019,4894.08
06.12.2019,4943.83
09.12.2019,4971.29
10.12.2019,4949.97
11.12.2019,4987.11
12.12.2019,5035.63
16.12.2019,5075.95
17.12.2019,5087.99
18.12.2019,5105.94
19.12.2019,5101.91
20.12.2019,5114.70
23.12.2019,5145.02
24.12.2019,5139.56
25.12.2019,5139.98
26.12.2019,5152.13
27.12.2019,5192.05
30.12.2019,5184.22
03.01.2020,5236.14
06.01.2020,5240.39
08.01.2020,5295.09
09.01.2020,5308.75
10.01.2020,5319.14
13.01.2020,5366.87
14.01.2020,5330.84
15.01.2020,5335.71
16.01.2020,5377.61
17.01.2020,5445.14
20.01.2020,5484.39
21.01.2020,5466.16
22.01.2020,5407.23
23.01.2020,5350.31
24.01.2020,5358.82
27.01.2020,5254.85
28.01.2020,5302.44
29.01.2020,5329.18
30.01.2020,5294.74
31.01.2020,5245.60
03.02.2020,5236.38
04.02.2020,5282.01
05.02.2020,5310.40
06.02.2020,5280.44
07.02.2020,5265.01
10.02.2020,5222.01
11.02.2020,5281.98
12.02.2020,5324.08
13.02.2020,5304.43
14.02.2020,5281.97
17.02.2020,5304.45
18.02.2020,5243.03
19.02.2020,5312.14
20.02.2020,5330.10
21.02.2020,5297.57
25.02.2020,5121.30
26.02.2020,5146.44
27.02.2020,4973.19
28.02.2020,4750.17
02.03.2020,4717.23
03.03.2020,4812.06
04.03.2020,4823.39
05.03.2020,4804.10
06.03.2020,4638.33
10.03.2020,4262.13
11.03.2020,4251.80
12.03.2020,3899.63
13.03.2020,3950.76
16.03.2020,3866.37
17.03.2020,3794.46
18.03.2020,3603.27
19.03.2020,3881.38
20.03.2020,3981.23
23.03.2020,3847.60
24.03.2020,4125.28
25.03.2020,4187.98
26.03.2020,4252.34
27.03.2020,4100.58
30.03.2020,4155.64
31.03.2020,4284.51
01.04.2020,4224.40
02.04.2020,4347.94
03.04.2020,4392.82
06.04.2020,4478.82
07.04.2020,4499.57
08.04.2020,4559.99
09.04.2020,4614.04
10.04.2020,4573.21
13.04.2020,4489.51
14.04.2020,4494.60
15.04.2020,4267.65
16.04.2020,4295.17
17.04.2020,4329.19
20.04.2020,4313.82
21.04.2020,4249.01
22.04.2020,4394.83
23.04.2020,4439.24
24.04.2020,4375.40
27.04.2020,4390.56
28.04.2020,4461.15
29.04.2020,4548.07
30.04.2020,4526.59
04.05.2020,4482.32
05.05.2020,4531.63
06.05.2020,4495.06
07.05.2020,4505.16
08.05.2020,4518.62
12.05.2020,4519.46
13.05.2020,4456.06
14.05.2020,4435.78
15.05.2020,4441.95
18.05.2020,4613.77
19.05.2020,4643.69
20.05.2020,4744.84
21.05.2020,4655.59
22.05.2020,4649.45
25.05.2020,4732.76
26.05.2020,4726.09
27.05.2020,4703.74
28.05.2020,4782.42
29.05.2020,4702.49
01.06.2020,4729.23
02.06.2020,4808.80
03.06.2020,4868.24
04.06.2020,4756.78
05.06.2020,4802.32
08.06.2020,4809.95
09.06.2020,4809.26
10.06.2020,4790.82
11.06.2020,4728.61
15.06.2020,4689.80
16.06.2020,4741.38
17.06.2020,4727.23
18.06.2020,4704.88
19.06.2020,4764.63
22.06.2020,4772.61
23.06.2020,4822.15
25.06.2020,4768.23
26.06.2020,4769.94
29.06.2020,4780.72
30.06.2020,4737.97
02.07.2020,4816.72
03.07.2020,4839.97
06.07.2020,4897.88
07.07.2020,4880.65
08.07.2020,4871.95
09.07.2020,4854.13
10.07.2020,4890.62
13.07.2020,4830.99
14.07.2020,4792.14
15.07.2020,4852.77
16.07.2020,4874.14
17.07.2020,4904.91
20.07.2020,4953.43
21.07.2020,4994.92
22.07.2020,5010.72
23.07.2020,5041.02
24.07.2020,5061.05
27.07.2020,5099.51
28.07.2020,5118.20
29.07.2020,5158.80
30.07.2020,5095.54
31.07.2020,5146.69
03.08.2020,5179.22
04.08.2020,5197.76
05.08.2020,5290.25
06.08.2020,5282.68
07.08.2020,5254.13
10.08.2020,5233.68
11.08.2020,5312.96
12.08.2020,5398.44
13.08.2020,5445.20
14.08.2020,5412.59
17.08.2020,5395.74
18.08.2020,5392.63
19.08.2020,5402.95
20.08.2020,5294.05
21.08.2020,5297.45
24.08.2020,5357.24
25.08.2020,5356.59
26.08.2020,5397.12
27.08.2020,5329.32
28.08.2020,5272.98
31.08.2020,5248.26
01.09.2020,5263.83
02.09.2020,5231.10
03.09.2020,5190.22
04.09.2020,5171.87
07.09.2020,5191.95
08.09.2020,5114.93
09.09.2020,5092.41
10.09.2020,5130.44
11.09.2020,5153.39
14.09.2020,5185.03
15.09.2020,5277.46
16.09.2020,5267.60
17.09.2020,5261.81
18.09.2020,5226.48
21.09.2020,5070.72
22.09.2020,5107.89
23.09.2020,5164.07
24.09.2020,5157.64
25.09.2020,5129.44
28.09.2020,5184.06
29.09.2020,5153.87
30.09.2020,5146.23
01.10.2020,5117.88
02.10.2020,5118.58
05.10.2020,5171.62
06.10.2020,5191.38
07.10.2020,5100.92
08.10.2020,5108.83
09.10.2020,5098.04
12.10.2020,5119.72
13.10.2020,5089.30
14.10.2020,5138.00
15.10.2020,5068.22
16.10.2020,5036.28
19.10.2020,5031.83
20.10.2020,5047.66
21.10.2020,5017.36
22.10.2020,5047.86
23.10.2020,5072.23
26.10.2020,5016.20
27.10.2020,4975.58
28.10.2020,4850.30
29.10.2020,4878.35
30.10.2020,4845.13
02.11.2020,4929.68
03.11.2020,5017.70
05.11.2020,5152.70
06.11.2020,5214.34
09.11.2020,5380.25
10.11.2020,5399.80
11.11.2020,5429.37
12.11.2020,5448.82
13.11.2020,5447.72
16.11.2020,5545.90
17.11.2020,5496.34
18.11.2020,5547.59
19.11.2020,5486.02
20.11.2020,5494.22
23.11.2020,5487.05
24.11.2020,5574.89
25.11.2020,5645.30
26.11.2020,5652.68
27.11.2020,5659.99
30.11.2020,5596.77
01.12.2020,5669.47
02.12.2020,5744.79
03.12.2020,5696.27
04.12.2020,5735.98
07.12.2020,5756.98
08.12.2020,5729.11
09.12.2020,5786.86
10.12.2020,5870.92
11.12.2020,5903.84
14.12.2020,5864.65
15.12.2020,5852.54
16.12.2020,5891.89
17.12.2020,5923.85
18.12.2020,5907.75
21.12.2020,5750.08
22.12.2020,5840.46
23.12.2020,5880.63
24.12.2020,5854.52
25.12.2020,5872.98
28.12.2020,5898.38
29.12.2020,5926.83
30.12.2020,5952.80
04.01.2021,6064.09
05.01.2021,6079.73
06.01.2021,6101.23
08.01.2021,6252.88
11.01.2021,6302.95
12.01.2021,6283.34
13.01.2021,6282.35
14.01.2021,6319.63
15.01.2021,6247.39
18.01.2021,6285.36
19.01.2021,6233.42
20.01.2021,6276.09
21.01.2021,6196.20
22.01.2021,6124.24
25.01.2021,6150.60
26.01.2021,6138.43
27.01.2021,6053.09
28.01.2021,6050.18
29.01.2021,5932.63
01.02.2021,5958.08
02.02.2021,6083.20
03.02.2021,6052.80
04.02.2021,6104.47
05.02.2021,6142.00
08.02.2021,6238.25
09.02.2021,6203.78
10.02.2021,6154.54
11.02.2021,6181.08
12.02.2021,6204.18
15.02.2021,6303.42
16.02.2021,6327.61
17.02.2021,6221.78
18.02.2021,6155.47
19.02.2021,6259.58
20.02.2021,6239.01
22.02.2021,6216.58
24.02.2021,6128.87
25.02.2021,6172.83
26.02.2021,6058.56
01.03.2021,6130.10
02.03.2021,6173.44
03.03.2021,6184.20
04.03.2021,6150.74
05.03.2021,6180.74
09.03.2021,6297.67
10.03.2021,6269.32
11.03.2021,6351.60
12.03.2021,6407.70
15.03.2021,6489.15
16.03.2021,6498.81
17.03.2021,6350.51
18.03.2021,6344.97
19.03.2021,6291.40
22.03.2021,6316.40
23.03.2021,6276.83
24.03.2021,6309.63
25.03.2021,6226.30
26.03.2021,6317.78
29.03.2021,6389.29
30.03.2021,6381.87
31.03.2021,6411.72
01.04.2021,6386.05
02.04.2021,6441.59
05.04.2021,6381.32
06.04.2021,6325.13
07.04.2021,6336.81
08.04.2021,6350.37
09.04.2021,6310.90
12.04.2021,6377.20
13.04.2021,6383.80
14.04.2021,6475.39
15.04.2021,6460.22
16.04.2021,6514.40
19.04.2021,6470.30
20.04.2021,6431.07
21.04.2021,6447.93
22.04.2021,6517.86
23.04.2021,6512.10
26.04.2021,6537.10
27.04.2021,6518.31
28.04.2021,6477.62
29.04.2021,6464.82
30.04.2021,6415.85
04.05.2021,6475.97
05.05.2021,6596.08
06.05.2021,6622.71
07.05.2021,6666.92
10.05.2021,6688.81
11.05.2021,6611.45
12.05.2021,6615.24
13.05.2021,6679.31
14.05.2021,6681.67
17.05.2021,6618.89
18.05.2021,6706.82
19.05.2021,6610.07
20.05.2021,6612.62
21.05.2021,6723.69
24.05.2021,6727.42
25.05.2021,6771.96
26.05.2021,6816.58
27.05.2021,6871.78
28.05.2021,6856.84
31.05.2021,6865.79
01.06.2021,6945.04
02.06.2021,7042.98
03.06.2021,7020.42
04.06.2021,7028.83
07.06.2021,7056.12
08.06.2021,7028.83
09.06.2021,7095.36
10.06.2021,7066.62
11.06.2021,7092.13
15.06.2021,7056.81
16.06.2021,7072.01
17.06.2021,7052.44
18.06.2021,7022.67
21.06.2021,7042.06
22.06.2021,7060.77
23.06.2021,7089.35
24.06.2021,7069.72
25.06.2021,7085.25
28.06.2021,7073.66
29.06.2021,7009.46
30.06.2021,7103.76
01.07.2021,7142.87
02.07.2021,7183.59
05.07.2021,7215.50
06.07.2021,7218.68
07.07.2021,7246.85
08.07.2021,7190.67
09.07.2021,7181.66
12.07.2021,7219.47
13.07.2021,7222.12
14.07.2021,7191.07
15.07.2021,7130.94
16.07.2021,7076.93
19.07.2021,6949.09
20.07.2021,6969.75
21.07.2021,7004.67
22.07.2021,7063.90
23.07.2021,7026.46
26.07.2021,7055.74
27.07.2021,7023.75
28.07.2021,7116.28
29.07.2021,7157.77
30.07.2021,7096.15
02.08.2021,7127.23
03.08.2021,7137.75
04.08.2021,7169.60
05.08.2021,7213.12
06.08.2021,7159.70
09.08.2021,7215.67
10.08.2021,7266.86
11.08.2021,7295.18
12.08.2021,7316.80
13.08.2021,7286.96
16.08.2021,7328.94
17.08.2021,7418.69
18.08.2021,7385.12
19.08.2021,7251.18
20.08.2021,7211.14
23.08.2021,7305.80
24.08.2021,7316.83
25.08.2021,7312.63
26.08.2021,7246.65
27.08.2021,7314.03
30.08.2021,7391.40
31.08.2021,7373.45
01.09.2021,7477.14
02.09.2021,7514.33
03.09.2021,7534.91
06.09.2021,7592.07
07.09.2021,7557.98
08.09.2021,7571.57
09.09.2021,7530.77
10.09.2021,7547.93
13.09.2021,7620.53
14.09.2021,7647.95
15.09.2021,7666.49
16.09.2021,7627.96
17.09.2021,7609.23
20.09.2021,7485.60
21.09.2021,7487.24
22.09.2021,7601.33
23.09.2021,7644.16
24.09.2021,7620.73
27.09.2021,7701.86
28.09.2021,7672.12
29.09.2021,7658.74
30.09.2021,7743.94
01.10.2021,7712.75
04.10.2021,7761.31
05.10.2021,7971.03
06.10.2021,7872.63
07.10.2021,7978.90
08.10.2021,8015.13
11.10.2021,8102.90
12.10.2021,8072.48
13.10.2021,8034.84
14.10.2021,8063.64
15.10.2021,8068.73
18.10.2021,8051.49
19.10.2021,8104.42
20.10.2021,8125.76
21.10.2021,7995.20
22.10.2021,7954.13
25.10.2021,8064.09
26.10.2021,8027.87
27.10.2021,8015.85
28.10.2021,7940.29
29.10.2021,7865.13
01.11.2021,8000.62
02.11.2021,7974.16
03.11.2021,7931.21
05.11.2021,7912.05
08.11.2021,7994.51
09.11.2021,7935.87
10.11.2021,7907.71
11.11.2021,7939.70
12.11.2021,7811.41
15.11.2021,7836.96
16.11.2021,7808.30
17.11.2021,7863.26
18.11.2021,7758.70
19.11.2021,7612.05
22.11.2021,7339.71
23.11.2021,7505.65
24.11.2021,7487.13
25.11.2021,7481.94
26.11.2021,7222.60
29.11.2021,7352.54
30.11.2021,7373.48
01.12.2021,7503.68
02.12.2021,7481.41
03.12.2021,7416.06
06.12.2021,7227.26
07.12.2021,7346.95
08.12.2021,7158.04
09.12.2021,7233.31
10.12.2021,7132.66
13.12.2021,6869.44
14.12.2021,6871.49
15.12.2021,6876.10
16.12.2021,7123.24
17.12.2021,7074.70
20.12.2021,7015.12
21.12.2021,7060.95
22.12.2021,7163.68
23.12.2021,7084.12
24.12.2021,7080.52
27.12.2021,7153.01
28.12.2021,7223.63
29.12.2021,7161.62
30.12.2021,7250.04
03.01.2022,7374.93
04.01.2022,7415.11
05.01.2022,7303.24
06.01.2022,7188.27
10.01.2022,7160.29
11.01.2022,7249.56
12.01.2022,7337.40
13.01.2022,7071.00
14.01.2022,6921.39
17.01.2022,6850.91
18.01.2022,6405.63
19.01.2022,6613.22
20.01.2022,6765.62
21.01.2022,6618.64
24.01.2022,6226.11
25.01.2022,6271.26
26.01.2022,6461.63
27.01.2022,6650.75
28.01.2022,6713.62
31.01.2022,6794.02
01.02.2022,6828.26
02.02.2022,6819.85
03.02.2022,6680.10
04.02.2022,6679.77
07.02.2022,6679.33
08.02.2022,6834.96
09.02.2022,7002.93
10.02.2022,7035.32
11.02.2022,6825.29
14.02.2022,6699.74
15.02.2022,6928.58
16.02.2022,7017.34
17.02.2022,6756.90
18.02.2022,6530.26
21.02.2022,5844.33
22.02.2022,5936.43
24.02.2022,3960.75
25.02.2022,4754.32
