DATE_I,MCFTR_RATE
11.01.2009,1631.18
12.01.2009,1675.82
13.01.2009,1681.84
14.01.2009,1565.65
15.01.2009,1552.49
16.01.2009,1558.84
19.01.2009,1499.98
20.01.2009,1455.05
21.01.2009,1488.58
22.01.2009,1421.61
23.01.2009,1410.49
26.01.2009,1559.65
27.01.2009,1531.4
28.01.2009,1580.09
29.01.2009,1570.54
30.01.2009,1583.68
02.02.2009,1584.19
03.02.2009,1582.27
04.02.2009,1606.29
05.02.2009,1573.29
06.02.2009,1655.38
09.02.2009,1759.75
10.02.2009,1832.54
11.02.2009,1828.19
12.02.2009,1735.7
13.02.2009,1839.88
16.02.2009,1785.94
17.02.2009,1617.42
18.02.2009,1573.29
19.02.2009,1618.89
20.02.2009,1580.74
24.02.2009,1571.44
25.02.2009,1579.18
26.02.2009,1677.35
27.02.2009,1660.8
02.03.2009,1610.2
03.03.2009,1627.82
04.03.2009,1705.53
05.03.2009,1670.63
06.03.2009,1712.09
10.03.2009,1861.37
11.03.2009,1832.71
12.03.2009,1805.37
13.03.2009,1856.79
16.03.2009,1887.76
17.03.2009,1910.95
18.03.2009,1837.47
19.03.2009,1940.24
20.03.2009,1957
23.03.2009,2097.08
24.03.2009,2012.25
25.03.2009,2099.09
26.03.2009,2093.72
27.03.2009,2008.46
30.03.2009,1878.21
31.03.2009,1900.94
01.04.2009,1935.27
02.04.2009,2059.43
03.04.2009,2059.03
06.04.2009,2053.06
07.04.2009,2070.39
08.04.2009,2142.07
09.04.2009,2264.14
10.04.2009,2275.14
13.04.2009,2218.37
14.04.2009,2251.56
15.04.2009,2220.16
16.04.2009,2246.83
17.04.2009,2285.03
20.04.2009,2160.08
21.04.2009,2146.65
22.04.2009,2214.02
23.04.2009,2270.24
24.04.2009,2257.12
27.04.2009,2205.38
28.04.2009,2168.3
29.04.2009,2252.14
30.04.2009,2247.57
04.05.2009,2337.14
05.05.2009,2334.94
06.05.2009,2405.43
07.05.2009,2467.3
08.05.2009,2508.89
12.05.2009,2581.68
13.05.2009,2455.37
14.05.2009,2437.23
15.05.2009,2440.6
18.05.2009,2465.3
19.05.2009,2535.3
20.05.2009,2663.51
21.05.2009,2516.21
22.05.2009,2563.56
25.05.2009,2554.65
26.05.2009,2529.76
27.05.2009,2574.73
28.05.2009,2611.74
29.05.2009,2728.72
01.06.2009,2928.27
02.06.2009,2909.2
03.06.2009,2691.75
04.06.2009,2718.51
05.06.2009,2775.71
08.06.2009,2716
09.06.2009,2699.71
10.06.2009,2747.31
11.06.2009,2758.46
15.06.2009,2611.39
16.06.2009,2662.49
17.06.2009,2516.72
18.06.2009,2471.47
19.06.2009,2462.12
22.06.2009,2268.81
23.06.2009,2218.35
24.06.2009,2381.26
25.06.2009,2323.47
26.06.2009,2320.62
29.06.2009,2389.62
30.06.2009,2346.28
01.07.2009,2444.63
02.07.2009,2358.7
03.07.2009,2350.93
06.07.2009,2231.65
07.07.2009,2235.55
08.07.2009,2181.01
09.07.2009,2160.36
10.07.2009,2099.99
13.07.2009,2122.37
14.07.2009,2146.64
15.07.2009,2266.11
16.07.2009,2259.69
17.07.2009,2325.28
20.07.2009,2371.08
21.07.2009,2411.67
22.07.2009,2357.87
23.07.2009,2479.17
24.07.2009,2468.03
27.07.2009,2490.3
28.07.2009,2411.61
29.07.2009,2373.9
30.07.2009,2516.91
31.07.2009,2532.86
03.08.2009,2642.1
04.08.2009,2649.65
05.08.2009,2606.54
06.08.2009,2625.38
07.08.2009,2681.66
10.08.2009,2647.49
11.08.2009,2570.84
12.08.2009,2611.94
13.08.2009,2645.99
14.08.2009,2579.09
17.08.2009,2489.3
18.08.2009,2489.43
19.08.2009,2486.12
20.08.2009,2555.35
21.08.2009,2659.15
24.08.2009,2694
25.08.2009,2682.71
26.08.2009,2644.07
27.08.2009,2596.66
28.08.2009,2671.85
31.08.2009,2625.83
01.09.2009,2657.1
02.09.2009,2589.1
03.09.2009,2630.08
04.09.2009,2610.53
07.09.2009,2673.96
08.09.2009,2765.1
09.09.2009,2789.52
10.09.2009,2775.53
11.09.2009,2826.12
14.09.2009,2825.71
15.09.2009,2895.54
16.09.2009,2928.52
17.09.2009,2898.37
18.09.2009,2906.18
21.09.2009,2802.26
22.09.2009,2893.21
23.09.2009,2883.41
24.09.2009,2831.56
25.09.2009,2857.08
28.09.2009,2906.07
29.09.2009,2917.07
30.09.2009,2879.69
01.10.2009,2913.98
02.10.2009,2828.32
05.10.2009,2833.95
06.10.2009,2935.64
07.10.2009,2949.42
08.10.2009,3075.35
09.10.2009,3146.58
12.10.2009,3265.16
13.10.2009,3176.79
14.10.2009,3278.19
15.10.2009,3227.17
16.10.2009,3168.05
19.10.2009,3283.92
20.10.2009,3275.53
21.10.2009,3303.08
22.10.2009,3269.07
23.10.2009,3283.56
26.10.2009,3267.26
27.10.2009,3207.16
28.10.2009,3014.8
29.10.2009,3107.72
30.10.2009,2975.89
02.11.2009,3046.07
03.11.2009,2930.63
05.11.2009,3026.44
06.11.2009,2986.28
09.11.2009,3136.13
10.11.2009,3179.53
11.11.2009,3163.34
12.11.2009,3162.05
13.11.2009,3148.5
16.11.2009,3279.5
17.11.2009,3251.39
18.11.2009,3294.83
19.11.2009,3207.32
20.11.2009,3203.73
23.11.2009,3252.96
24.11.2009,3195.22
25.11.2009,3149.19
26.11.2009,3045.32
27.11.2009,3086.11
30.11.2009,3082.6
01.12.2009,3164.82
02.12.2009,3179.78
03.12.2009,3144.15
04.12.2009,3219.28
07.12.2009,3168.89
08.12.2009,3141.83
09.12.2009,3120.79
10.12.2009,3125.74
11.12.2009,3117.47
14.12.2009,3154.56
15.12.2009,3190.78
16.12.2009,3325.17
17.12.2009,3257.43
18.12.2009,3276.02
21.12.2009,3297.47
22.12.2009,3268.91
23.12.2009,3269.93
24.12.2009,3232.2
25.12.2009,3245.93
28.12.2009,3255.33
29.12.2009,3271.47
30.12.2009,3255.49
31.12.2009,3274.18
11.01.2010,3463.47
12.01.2010,3420.65
13.01.2010,3436.45
14.01.2010,3484.04
15.01.2010,3475.07
18.01.2010,3533.78
19.01.2010,3542.66
20.01.2010,3486.39
21.01.2010,3424.16
22.01.2010,3361.55
25.01.2010,3369.29
26.01.2010,3293.63
27.01.2010,3307.25
28.01.2010,3347.68
29.01.2010,3377.08
01.02.2010,3366.03
02.02.2010,3411.62
03.02.2010,3397.39
04.02.2010,3312.81
05.02.2010,3216.33
08.02.2010,3133.99
09.02.2010,3170.98
10.02.2010,3144.15
11.02.2010,3148.17
12.02.2010,3089.23
15.02.2010,3120.37
16.02.2010,3219.36
17.02.2010,3200.88
18.02.2010,3163.72
19.02.2010,3198.12
24.02.2010,3147.92
25.02.2010,3080.75
26.02.2010,3120.5
27.02.2010,3140.56
01.03.2010,3194.31
02.03.2010,3221.49
03.03.2010,3247.27
04.03.2010,3258.67
05.03.2010,3328.43
09.03.2010,3321.45
10.03.2010,3296.8
11.03.2010,3281.01
12.03.2010,3326.96
15.03.2010,3288.39
16.03.2010,3336.03
17.03.2010,3369.51
18.03.2010,3364.47
19.03.2010,3334.78
22.03.2010,3324.45
23.03.2010,3307.5
24.03.2010,3293.14
25.03.2010,3296.91
26.03.2010,3317.04
29.03.2010,3372.78
30.03.2010,3380.56
31.03.2010,3394.71
01.04.2010,3463.09
02.04.2010,3463.94
05.04.2010,3480.22
06.04.2010,3505.83
07.04.2010,3458.23
08.04.2010,3453.57
09.04.2010,3500.68
12.04.2010,3513.19
13.04.2010,3505.09
14.04.2010,3568.49
15.04.2010,3578.25
16.04.2010,3494.13
19.04.2010,3409.21
20.04.2010,3443.34
21.04.2010,3424.19
22.04.2010,3371.3
23.04.2010,3427.63
26.04.2010,3465.48
27.04.2010,3418.24
28.04.2010,3338.8
29.04.2010,3396.52
30.04.2010,3351.61
04.05.2010,3249.43
05.05.2010,3214.76
06.05.2010,3183.24
07.05.2010,3004.32
11.05.2010,3108.49
12.05.2010,3242.46
13.05.2010,3211.27
14.05.2010,3148.58
17.05.2010,3159.28
18.05.2010,3170.55
19.05.2010,3073.65
20.05.2010,2940.76
21.05.2010,2942.43
24.05.2010,2951.38
25.05.2010,2783.57
26.05.2010,2940.68
27.05.2010,3035.06
28.05.2010,3041.77
31.05.2010,3094.96
01.06.2010,3078.7
02.06.2010,3114.88
03.06.2010,3135.93
04.06.2010,3096.07
07.06.2010,3068.2
08.06.2010,3020.03
09.06.2010,3051.46
10.06.2010,3108.98
11.06.2010,3099.3
15.06.2010,3179.35
16.06.2010,3174.93
17.06.2010,3143.45
18.06.2010,3169.76
21.06.2010,3257.73
22.06.2010,3215.37
23.06.2010,3191.47
24.06.2010,3156.73
25.06.2010,3120.26
28.06.2010,3156.86
29.06.2010,3063.6
30.06.2010,3030.84
01.07.2010,2903.93
02.07.2010,2980.88
05.07.2010,2989.43
06.07.2010,3071.74
07.07.2010,3071.71
08.07.2010,3054.86
09.07.2010,3062.66
12.07.2010,3108.76
13.07.2010,3162.36
14.07.2010,3140.48
15.07.2010,3097.59
16.07.2010,3067.99
19.07.2010,3087.71
20.07.2010,3069.25
21.07.2010,3129.78
22.07.2010,3190.7
23.07.2010,3189.16
26.07.2010,3225.13
27.07.2010,3235.46
28.07.2010,3219.69
29.07.2010,3273.47
30.07.2010,3224.1
02.08.2010,3297.14
03.08.2010,3257.11
04.08.2010,3270.43
05.08.2010,3262.01
06.08.2010,3234.75
09.08.2010,3270.18
10.08.2010,3219.98
11.08.2010,3171.55
12.08.2010,3167.9
13.08.2010,3157.95
16.08.2010,3160.33
17.08.2010,3201.75
18.08.2010,3191.21
19.08.2010,3163.75
20.08.2010,3142.97
23.08.2010,3142.32
24.08.2010,3079.83
25.08.2010,3073.01
26.08.2010,3122.59
27.08.2010,3145.22
30.08.2010,3153.38
31.08.2010,3148.52
01.09.2010,3206.99
02.09.2010,3222.74
03.09.2010,3241.03
06.09.2010,3234.83
07.09.2010,3211.09
08.09.2010,3263.87
09.09.2010,3298.27
10.09.2010,3289.11
13.09.2010,3304.13
14.09.2010,3284.06
15.09.2010,3290.39
16.09.2010,3277.36
17.09.2010,3245.68
20.09.2010,3263.97
21.09.2010,3279.21
22.09.2010,3272.15
23.09.2010,3268.75
24.09.2010,3281.41
27.09.2010,3238.96
28.09.2010,3218.52
29.09.2010,3238.31
30.09.2010,3285.6
01.10.2010,3319.64
04.10.2010,3339.6
05.10.2010,3359.43
06.10.2010,3361.37
07.10.2010,3345.32
08.10.2010,3336.49
11.10.2010,3374.6
12.10.2010,3364.2
13.10.2010,3398.78
14.10.2010,3388.78
15.10.2010,3393.74
18.10.2010,3412.97
19.10.2010,3389.31
20.10.2010,3395.57
21.10.2010,3473.73
22.10.2010,3453.15
25.10.2010,3471.81
26.10.2010,3463.5
27.10.2010,3422.56
28.10.2010,3420.99
29.10.2010,3458.54
01.11.2010,3480.4
02.11.2010,3487.55
03.11.2010,3493.06
08.11.2010,3552.12
09.11.2010,3611.09
10.11.2010,3564.63
11.11.2010,3522.48
12.11.2010,3504.65
13.11.2010,3485.92
15.11.2010,3518.13
16.11.2010,3450.42
17.11.2010,3465.95
18.11.2010,3506.33
19.11.2010,3515.76
22.11.2010,3498.53
23.11.2010,3467
24.11.2010,3522.69
25.11.2010,3542.8
26.11.2010,3530.8
29.11.2010,3501.46
30.11.2010,3525
01.12.2010,3605.63
02.12.2010,3673.27
03.12.2010,3710.66
06.12.2010,3758.5
07.12.2010,3765.83
08.12.2010,3705.41
09.12.2010,3727.79
10.12.2010,3716.89
13.12.2010,3726.71
14.12.2010,3734.01
15.12.2010,3741.63
16.12.2010,3717.81
17.12.2010,3731.38
20.12.2010,3719.22
21.12.2010,3741.91
22.12.2010,3760.23
23.12.2010,3763.19
24.12.2010,3742.44
27.12.2010,3711.19
28.12.2010,3723.77
29.12.2010,3751.12
30.12.2010,3773.19
11.01.2011,3839.15
12.01.2011,3938.08
13.01.2011,3913.38
14.01.2011,3899.22
17.01.2011,3950.43
18.01.2011,3933.28
19.01.2011,3928.4
20.01.2011,3857.46
21.01.2011,3884.55
24.01.2011,3816.55
25.01.2011,3803.79
26.01.2011,3868.05
27.01.2011,3876.16
28.01.2011,3836.69
31.01.2011,3802.42
01.02.2011,3871.28
02.02.2011,3891.07
03.02.2011,3855.54
04.02.2011,3891.36
07.02.2011,3889.84
08.02.2011,3805.63
09.02.2011,3790.91
10.02.2011,3687.48
11.02.2011,3768.16
14.02.2011,3752.95
15.02.2011,3724.56
16.02.2011,3748.03
17.02.2011,3715.76
18.02.2011,3708.58
21.02.2011,3755.82
22.02.2011,3729.24
24.02.2011,3758.32
25.02.2011,3828.52
28.02.2011,3891.26
01.03.2011,3847.72
02.03.2011,3862.15
03.03.2011,3877.68
04.03.2011,3859.7
05.03.2011,3893.15
09.03.2011,3887.04
10.03.2011,3782.64
11.03.2011,3756.02
14.03.2011,3768.67
15.03.2011,3710.67
16.03.2011,3720.05
17.03.2011,3790.07
18.03.2011,3810.47
21.03.2011,3820.98
22.03.2011,3794.39
23.03.2011,3857.3
24.03.2011,3910.63
25.03.2011,3936.12
28.03.2011,3941.24
29.03.2011,3890.94
30.03.2011,3949.9
31.03.2011,3944.75
01.04.2011,4008.85
04.04.2011,4025.8
05.04.2011,4016.95
06.04.2011,4041.96
07.04.2011,4007.36
08.04.2011,4032.09
11.04.2011,4008.23
12.04.2011,3908.12
13.04.2011,3929.03
14.04.2011,3867
15.04.2011,3863.95
18.04.2011,3718.47
19.04.2011,3808.1
20.04.2011,3867.74
21.04.2011,3861.15
22.04.2011,3889.57
25.04.2011,3835.84
26.04.2011,3827.37
27.04.2011,3780.61
28.04.2011,3790.24
29.04.2011,3772.79
03.05.2011,3661.47
04.05.2011,3587.51
05.05.2011,3559.64
06.05.2011,3637.17
10.05.2011,3628.71
11.05.2011,3577.65
12.05.2011,3525.23
13.05.2011,3527.81
16.05.2011,3506.19
17.05.2011,3474.73
18.05.2011,3513.86
19.05.2011,3521.28
20.05.2011,3462.99
23.05.2011,3394.85
24.05.2011,3449.73
25.05.2011,3483.8
26.05.2011,3464.62
27.05.2011,3532.77
30.05.2011,3546.08
31.05.2011,3591.45
01.06.2011,3557.69
02.06.2011,3574.04
03.06.2011,3519.09
06.06.2011,3519.3
07.06.2011,3581.98
08.06.2011,3586.28
09.06.2011,3645.25
10.06.2011,3626.93
14.06.2011,3620.86
15.06.2011,3614.47
16.06.2011,3597.57
17.06.2011,3542.88
20.06.2011,3499.71
21.06.2011,3519.32
22.06.2011,3529.29
23.06.2011,3459.69
24.06.2011,3515.52
27.06.2011,3499.58
28.06.2011,3552.11
29.06.2011,3570.12
30.06.2011,3584.02
01.07.2011,3652.95
04.07.2011,3670.23
05.07.2011,3683.46
06.07.2011,3673.62
07.07.2011,3749.28
08.07.2011,3714.92
11.07.2011,3665.2
12.07.2011,3674.78
13.07.2011,3692.6
14.07.2011,3695.41
15.07.2011,3693.52
18.07.2011,3635.46
19.07.2011,3662.4
20.07.2011,3666.01
21.07.2011,3725.84
22.07.2011,3725.5
25.07.2011,3721.44
26.07.2011,3711.05
27.07.2011,3676.96
28.07.2011,3707.36
29.07.2011,3674.61
01.08.2011,3717.58
02.08.2011,3692.31
03.08.2011,3567.83
04.08.2011,3494.44
05.08.2011,3422.09
08.08.2011,3234.79
09.08.2011,3230.78
10.08.2011,3090.15
11.08.2011,3106.58
12.08.2011,3175.16
15.08.2011,3262.55
16.08.2011,3199.07
17.08.2011,3259.83
18.08.2011,3138.32
19.08.2011,3108.13
22.08.2011,3137.78
23.08.2011,3138.58
24.08.2011,3176.96
25.08.2011,3141.25
26.08.2011,3177.05
29.08.2011,3302.73
30.08.2011,3306.78
31.08.2011,3390.82
01.09.2011,3403.2
02.09.2011,3324.98
05.09.2011,3274.53
06.09.2011,3289.64
07.09.2011,3392.39
08.09.2011,3414.24
09.09.2011,3330.39
12.09.2011,3275.62
13.09.2011,3286.58
14.09.2011,3301.44
15.09.2011,3346.16
16.09.2011,3315.97
19.09.2011,3275.92
20.09.2011,3334.68
21.09.2011,3306.87
22.09.2011,3048.41
23.09.2011,2911.88
26.09.2011,2955.16
27.09.2011,3028.84
28.09.2011,3023.29
29.09.2011,3088.8
30.09.2011,2998.51
03.10.2011,2949.63
04.10.2011,2780.52
05.10.2011,2775.5
06.10.2011,2890.44
07.10.2011,2962.62
10.10.2011,3025.77
11.10.2011,2988.49
12.10.2011,3059.11
13.10.2011,3041.69
14.10.2011,3135.71
17.10.2011,3071.06
18.10.2011,3119.15
19.10.2011,3109.1
20.10.2011,3105
21.10.2011,3166.14
24.10.2011,3242.97
25.10.2011,3197.34
26.10.2011,3279.1
27.10.2011,3334.84
28.10.2011,3337
31.10.2011,3274.34
01.11.2011,3181.41
02.11.2011,3252.09
03.11.2011,3278.55
07.11.2011,3320.01
08.11.2011,3319.25
09.11.2011,3209.51
10.11.2011,3250.03
11.11.2011,3239.52
14.11.2011,3236.88
15.11.2011,3243.99
16.11.2011,3233.5
17.11.2011,3215.78
18.11.2011,3183.16
21.11.2011,3029.34
22.11.2011,3053.63
23.11.2011,3058.33
24.11.2011,3032.83
25.11.2011,3071.8
28.11.2011,3191.05
29.11.2011,3166.03
30.11.2011,3264.21
01.12.2011,3276.05
02.12.2011,3276.68
05.12.2011,3301.65
06.12.2011,3170.71
07.12.2011,3149.58
08.12.2011,3166.45
09.12.2011,3035.41
12.12.2011,2933.47
13.12.2011,2995.19
14.12.2011,2983.04
15.12.2011,3028.67
16.12.2011,3006.08
19.12.2011,3003.65
20.12.2011,3061.77
21.12.2011,3006.94
22.12.2011,3008.4
23.12.2011,2987.25
26.12.2011,3016.29
27.12.2011,3007.31
28.12.2011,3000.27
29.12.2011,3008.46
30.12.2011,3040.93
03.01.2012,3131.27
04.01.2012,3136.9
05.01.2012,3108.92
06.01.2012,3120.74
09.01.2012,3136.05
10.01.2012,3197.29
11.01.2012,3172.07
12.01.2012,3169.53
13.01.2012,3166.63
16.01.2012,3167.24
17.01.2012,3214.14
18.01.2012,3229.53
19.01.2012,3250.63
20.01.2012,3222.99
23.01.2012,3238.97
24.01.2012,3215.62
25.01.2012,3236.9
26.01.2012,3270.77
27.01.2012,3255.82
30.01.2012,3228.91
31.01.2012,3266.65
01.02.2012,3320.76
02.02.2012,3326.88
03.02.2012,3374.84
06.02.2012,3369.34
07.02.2012,3340.06
08.02.2012,3351.74
09.02.2012,3325.75
10.02.2012,3289.8
13.02.2012,3361.94
14.02.2012,3367.8
15.02.2012,3404.56
16.02.2012,3384.69
17.02.2012,3380.32
20.02.2012,3401.99
21.02.2012,3358.02
22.02.2012,3312.76
24.02.2012,3433.33
27.02.2012,3427.94
28.02.2012,3387.57
29.02.2012,3438.2
01.03.2012,3433.7
02.03.2012,3459.53
05.03.2012,3495.56
06.03.2012,3358.29
07.03.2012,3380.54
11.03.2012,3449.96
12.03.2012,3444.88
13.03.2012,3460.58
14.03.2012,3501.3
15.03.2012,3490.95
16.03.2012,3473.9
19.03.2012,3402.1
20.03.2012,3341.94
21.03.2012,3326.59
22.03.2012,3278.23
23.03.2012,3302.18
26.03.2012,3352.06
27.03.2012,3328.23
28.03.2012,3255
29.03.2012,3199.79
30.03.2012,3247.3
02.04.2012,3255.52
03.04.2012,3315.39
04.04.2012,3235.55
05.04.2012,3261.37
06.04.2012,3201.33
09.04.2012,3228.76
10.04.2012,3201.89
11.04.2012,3218.02
12.04.2012,3208.84
13.04.2012,3210.69
16.04.2012,3156.42
17.04.2012,3143.07
18.04.2012,3136.21
19.04.2012,3195.78
20.04.2012,3213.59
23.04.2012,3129.87
24.04.2012,3110.47
25.04.2012,3119.65
26.04.2012,3087.76
27.04.2012,3135.65
28.04.2012,3143.53
02.05.2012,3083.48
03.05.2012,3075.88
04.05.2012,2965.42
05.05.2012,2954.85
07.05.2012,2951.16
08.05.2012,2948.27
10.05.2012,2999.02
11.05.2012,2963.78
12.05.2012,2950.11
14.05.2012,2846.15
15.05.2012,2861.27
16.05.2012,2840.26
17.05.2012,2739.14
18.05.2012,2704
21.05.2012,2759.92
22.05.2012,2765.13
23.05.2012,2670.02
24.05.2012,2728.91
25.05.2012,2722.34
28.05.2012,2740.34
29.05.2012,2817.06
30.05.2012,2776.72
31.05.2012,2772.27
01.06.2012,2754.11
04.06.2012,2768.17
05.06.2012,2748.66
06.06.2012,2782.1
07.06.2012,2830.26
08.06.2012,2822.2
09.06.2012,2832.26
13.06.2012,2846.59
14.06.2012,2844.93
15.06.2012,2905.76
18.06.2012,2932.26
19.06.2012,2933.44
20.06.2012,2900.35
21.06.2012,2876.05
22.06.2012,2840.57
25.06.2012,2802.24
26.06.2012,2828.09
27.06.2012,2877.77
28.06.2012,2828.43
29.06.2012,2921.52
02.07.2012,2950.67
03.07.2012,3033.4
04.07.2012,3046.67
05.07.2012,3027.44
06.07.2012,2980.98
09.07.2012,2978.16
10.07.2012,2993.74
11.07.2012,2955.89
12.07.2012,2931.92
13.07.2012,2977.42
16.07.2012,2985.52
17.07.2012,3001.42
18.07.2012,2992.09
19.07.2012,3008.06
20.07.2012,2966.86
23.07.2012,2874.56
24.07.2012,2858.32
25.07.2012,2861.22
26.07.2012,2894.36
27.07.2012,2939.72
30.07.2012,2983.16
31.07.2012,2937.2
01.08.2012,2946.12
02.08.2012,2915.14
03.08.2012,2965.61
06.08.2012,3002.42
07.08.2012,3031.43
08.08.2012,3029.77
09.08.2012,3044.12
10.08.2012,3013.06
13.08.2012,3035.39
14.08.2012,3060.1
15.08.2012,3030.19
16.08.2012,3037.51
17.08.2012,3021.51
20.08.2012,2992.18
21.08.2012,3045.96
22.08.2012,3029.87
23.08.2012,3043.72
24.08.2012,3044.84
27.08.2012,3053.83
28.08.2012,3059.25
29.08.2012,3069.13
30.08.2012,3053.41
31.08.2012,3038.56
03.09.2012,3072.34
04.09.2012,3065.82
05.09.2012,3033.48
06.09.2012,3104.29
07.09.2012,3145.34
10.09.2012,3152.67
11.09.2012,3150.42
12.09.2012,3150.89
13.09.2012,3137.67
14.09.2012,3270.82
17.09.2012,3258.36
18.09.2012,3225.69
19.09.2012,3190.67
20.09.2012,3190.43
21.09.2012,3184.26
24.09.2012,3168.19
25.09.2012,3152.08
26.09.2012,3072.36
27.09.2012,3091.97
28.09.2012,3102.41
01.10.2012,3175.55
02.10.2012,3165.33
03.10.2012,3136.88
04.10.2012,3102.84
05.10.2012,3146.81
08.10.2012,3136.92
09.10.2012,3135.03
10.10.2012,3109
11.10.2012,3113.22
12.10.2012,3076.36
15.10.2012,3069.48
16.10.2012,3095.91
17.10.2012,3134.22
18.10.2012,3135.82
19.10.2012,3103.02
22.10.2012,3133.21
23.10.2012,3091.1
24.10.2012,3082.78
25.10.2012,3070.4
26.10.2012,3043.47
29.10.2012,3038.67
30.10.2012,3016.69
31.10.2012,3024.62
01.11.2012,3035.23
02.11.2012,3054.69
06.11.2012,3066.47
07.11.2012,3017.15
08.11.2012,2983.82
09.11.2012,2969.77
12.11.2012,2982.71
13.11.2012,2910.19
14.11.2012,2906.75
15.11.2012,2936.2
16.11.2012,2930.4
19.11.2012,2960.96
20.11.2012,2956
21.11.2012,2975.38
22.11.2012,2968.58
23.11.2012,2990.48
26.11.2012,2969.98
27.11.2012,2950.63
28.11.2012,2920.83
29.11.2012,2936.08
30.11.2012,2973.1
03.12.2012,3005.55
04.12.2012,2983.59
05.12.2012,3034.09
06.12.2012,3038.98
07.12.2012,3044.65
10.12.2012,3056.26
11.12.2012,3057.21
12.12.2012,3094.85
13.12.2012,3086.63
14.12.2012,3093.01
17.12.2012,3099.78
18.12.2012,3124.56
19.12.2012,3118.32
20.12.2012,3137.57
21.12.2012,3114.3
24.12.2012,3100.64
25.12.2012,3103.9
26.12.2012,3114.06
27.12.2012,3112.74
28.12.2012,3104.79
08.01.2013,3180.95
09.01.2013,3182.46
10.01.2013,3162.9
11.01.2013,3169.63
14.01.2013,3203.65
15.01.2013,3174.92
16.01.2013,3173.13
17.01.2013,3190.73
18.01.2013,3224.93
21.01.2013,3215.87
22.01.2013,3189.16
23.01.2013,3213.51
24.01.2013,3204.75
25.01.2013,3225.17
28.01.2013,3261.61
29.01.2013,3233.1
30.01.2013,3221.67
31.01.2013,3227.62
01.02.2013,3227.57
04.02.2013,3200.89
05.02.2013,3210.7
06.02.2013,3189.25
07.02.2013,3179.24
08.02.2013,3166.18
11.02.2013,3159.02
12.02.2013,3150.35
13.02.2013,3203.67
14.02.2013,3164.07
15.02.2013,3140.42
18.02.2013,3151.73
19.02.2013,3177.2
20.02.2013,3153.02
21.02.2013,3115.5
22.02.2013,3120.93
25.02.2013,3133.74
26.02.2013,3093.55
27.02.2013,3098.15
28.02.2013,3095.47
01.03.2013,3068.82
04.03.2013,3048.88
05.03.2013,3089.71
06.03.2013,3104.51
07.03.2013,3103.87
11.03.2013,3128.93
12.03.2013,3123.83
13.03.2013,3112.27
14.03.2013,3117.34
15.03.2013,3108.98
18.03.2013,3040.83
19.03.2013,3012.19
20.03.2013,3032.28
21.03.2013,3032.36
22.03.2013,2994.92
25.03.2013,2967.12
26.03.2013,2943.01
27.03.2013,2959.29
28.03.2013,2978.03
29.03.2013,2986.83
01.04.2013,2964.89
02.04.2013,2968.17
03.04.2013,2962.77
04.04.2013,2960.05
05.04.2013,2938.44
08.04.2013,2920.06
09.04.2013,2954.67
10.04.2013,2954.21
11.04.2013,2904.45
12.04.2013,2871.04
15.04.2013,2815.44
16.04.2013,2799.8
17.04.2013,2765.22
18.04.2013,2763.34
19.04.2013,2769.53
22.04.2013,2764.83
23.04.2013,2770.7
24.04.2013,2846.94
25.04.2013,2836.52
26.04.2013,2835.7
29.04.2013,2814.7
30.04.2013,2862.36
02.05.2013,2842.04
03.05.2013,2906.39
06.05.2013,2915.69
07.05.2013,2949.61
08.05.2013,2954.67
10.05.2013,2939.64
13.05.2013,2917.67
14.05.2013,2894.94
15.05.2013,2865.95
16.05.2013,2827.62
17.05.2013,2884.92
20.05.2013,2893.52
21.05.2013,2926.08
22.05.2013,2977.74
23.05.2013,2871.23
24.05.2013,2837.68
27.05.2013,2830.54
28.05.2013,2869.84
29.05.2013,2794.73
30.05.2013,2793.79
31.05.2013,2770.44
03.06.2013,2742.89
04.06.2013,2751.36
05.06.2013,2720.54
06.06.2013,2699.95
07.06.2013,2754.88
10.06.2013,2736.01
11.06.2013,2666.09
13.06.2013,2625.56
14.06.2013,2661.48
17.06.2013,2712.89
18.06.2013,2732.73
19.06.2013,2708.66
20.06.2013,2653.94
21.06.2013,2657.41
24.06.2013,2638.65
25.06.2013,2654.72
26.06.2013,2700.98
27.06.2013,2685.97
28.06.2013,2720.83
01.07.2013,2731.36
02.07.2013,2745.44
03.07.2013,2735.34
04.07.2013,2767.16
05.07.2013,2753.12
08.07.2013,2763.56
09.07.2013,2756.38
10.07.2013,2731.03
11.07.2013,2800.74
12.07.2013,2861.63
15.07.2013,2870.28
16.07.2013,2883.18
17.07.2013,2926.77
18.07.2013,2895.01
19.07.2013,2904.54
22.07.2013,2889.69
23.07.2013,2892.64
24.07.2013,2872.81
25.07.2013,2860.77
26.07.2013,2862.6
29.07.2013,2850.47
30.07.2013,2827.46
31.07.2013,2803.26
01.08.2013,2848.69
02.08.2013,2835.71
05.08.2013,2836.86
06.08.2013,2790.42
07.08.2013,2786.73
08.08.2013,2785.76
09.08.2013,2827.22
12.08.2013,2838.49
13.08.2013,2878.42
14.08.2013,2911.02
15.08.2013,2844.45
16.08.2013,2821.71
19.08.2013,2827.36
20.08.2013,2821.63
21.08.2013,2820.11
22.08.2013,2861.06
23.08.2013,2853.88
26.08.2013,2858.66
27.08.2013,2837.54
28.08.2013,2855.57
29.08.2013,2862.47
30.08.2013,2850.63
02.09.2013,2856.54
03.09.2013,2869.49
04.09.2013,2873.14
05.09.2013,2970.54
06.09.2013,2972.42
09.09.2013,3030.55
10.09.2013,3034.58
11.09.2013,3035.51
12.09.2013,3027.19
13.09.2013,3007.16
16.09.2013,3068.6
17.09.2013,3073.7
18.09.2013,3056.63
19.09.2013,3102.8
20.09.2013,3080.76
23.09.2013,3061.13
24.09.2013,3054.86
25.09.2013,3085.65
26.09.2013,3097.03
27.09.2013,3069.2
30.09.2013,3049.65
01.10.2013,3068
02.10.2013,3031.09
03.10.2013,3035.12
04.10.2013,3071.48
07.10.2013,3082.28
08.10.2013,3133.63
09.10.2013,3124.45
10.10.2013,3156.61
11.10.2013,3148.32
14.10.2013,3140.71
15.10.2013,3184.77
16.10.2013,3183.98
17.10.2013,3143.38
18.10.2013,3186.52
21.10.2013,3185.3
22.10.2013,3174.64
23.10.2013,3129.42
24.10.2013,3118.89
25.10.2013,3122.51
28.10.2013,3135.37
29.10.2013,3144.47
30.10.2013,3153.87
31.10.2013,3141.26
01.11.2013,3150.95
05.11.2013,3129.47
06.11.2013,3116.44
07.11.2013,3135.17
08.11.2013,3093.68
11.11.2013,3079.31
12.11.2013,3113.92
13.11.2013,3043.63
14.11.2013,3093
15.11.2013,3098.44
18.11.2013,3131.58
19.11.2013,3132.21
20.11.2013,3126.09
21.11.2013,3095.56
22.11.2013,3116.77
25.11.2013,3111.53
26.11.2013,3073.59
27.11.2013,3054.49
28.11.2013,3064.77
29.11.2013,3063.98
02.12.2013,3049.72
03.12.2013,2998.69
04.12.2013,2978.37
05.12.2013,2957.17
06.12.2013,2996.85
09.12.2013,3030.6
10.12.2013,3027.04
11.12.2013,3027.63
12.12.2013,2996.27
13.12.2013,3002.02
16.12.2013,3036.61
17.12.2013,3055.05
18.12.2013,3070.08
19.12.2013,3092.45
20.12.2013,3090.36
23.12.2013,3110.02
24.12.2013,3107.28
25.12.2013,3095.86
26.12.2013,3096.06
27.12.2013,3082.16
30.12.2013,3099.71
06.01.2014,3017.69
08.01.2014,3009.38
09.01.2014,3014.03
10.01.2014,3021.78
13.01.2014,3037.25
14.01.2014,3020.4
15.01.2014,3054.5
16.01.2014,3042.05
17.01.2014,3055.37
20.01.2014,3071.04
21.01.2014,3089.59
22.01.2014,3076.8
23.01.2014,3072.46
24.01.2014,3067.12
27.01.2014,3031.83
28.01.2014,3013.5
29.01.2014,2999.44
30.01.2014,2999.31
31.01.2014,2980.8
03.02.2014,2954.97
04.02.2014,2950.8
05.02.2014,2980.43
06.02.2014,3001.59
07.02.2014,3024.95
10.02.2014,3018.18
11.02.2014,3032.33
12.02.2014,3057.04
13.02.2014,3027.62
14.02.2014,3062.81
17.02.2014,3083.66
18.02.2014,3076.25
19.02.2014,3042.12
20.02.2014,3031.91
21.02.2014,3044.78
24.02.2014,3045.3
25.02.2014,3023.33
26.02.2014,3003.91
27.02.2014,2960.64
28.02.2014,2951.75
03.03.2014,2630.85
04.03.2014,2768.21
05.03.2014,2756.21
06.03.2014,2728.54
07.03.2014,2730.45
11.03.2014,2664.45
12.03.2014,2593.39
13.03.2014,2540.36
14.03.2014,2516.89
17.03.2014,2608.43
18.03.2014,2713.53
19.03.2014,2678.45
20.03.2014,2680.57
21.03.2014,2653
24.03.2014,2631.27
25.03.2014,2684.18
26.03.2014,2733.84
27.03.2014,2697.59
28.03.2014,2721.39
31.03.2014,2769.62
01.04.2014,2781.74
02.04.2014,2776.06
03.04.2014,2760.5
04.04.2014,2792.75
07.04.2014,2724.41
08.04.2014,2728.72
09.04.2014,2720.88
10.04.2014,2758.09
11.04.2014,2746.58
14.04.2014,2708.78
15.04.2014,2639.81
16.04.2014,2662.35
17.04.2014,2675.79
18.04.2014,2729.06
21.04.2014,2703.48
22.04.2014,2683.75
23.04.2014,2669.88
24.04.2014,2611.71
25.04.2014,2569.93
28.04.2014,2607.39
29.04.2014,2617.95
30.04.2014,2619.88
02.05.2014,2615.99
05.05.2014,2600.62
06.05.2014,2640.47
07.05.2014,2729.61
08.05.2014,2744.72
12.05.2014,2749.33
13.05.2014,2768.48
14.05.2014,2775.31
15.05.2014,2760.29
16.05.2014,2780.07
19.05.2014,2820.66
20.05.2014,2843.24
21.05.2014,2870.96
22.05.2014,2851.49
23.05.2014,2867.47
26.05.2014,2885.66
27.05.2014,2821.04
28.05.2014,2837.4
29.05.2014,2879.23
30.05.2014,2847.86
02.06.2014,2910.08
03.06.2014,2926.09
04.06.2014,2931.38
05.06.2014,2920.66
06.06.2014,2948.33
09.06.2014,2947.41
10.06.2014,2959.67
11.06.2014,3000.68
16.06.2014,2983.11
17.06.2014,2967.42
18.06.2014,2982.58
19.06.2014,2984.04
20.06.2014,2970.81
23.06.2014,2969.46
24.06.2014,3033.83
25.06.2014,2959.56
26.06.2014,2941.44
27.06.2014,2949.09
30.06.2014,2948.6
01.07.2014,2961.04
02.07.2014,3023.29
03.07.2014,3023.77
04.07.2014,2983.83
07.07.2014,3039.17
08.07.2014,3044.8
09.07.2014,3037.56
10.07.2014,3003.73
11.07.2014,3014.35
14.07.2014,2992.26
15.07.2014,2987.75
16.07.2014,3010.46
17.07.2014,2942.05
18.07.2014,2904.62
21.07.2014,2825.63
22.07.2014,2868.99
23.07.2014,2869.8
24.07.2014,2873.87
25.07.2014,2831.82
28.07.2014,2776.52
29.07.2014,2792.17
30.07.2014,2816.82
31.07.2014,2811.21
01.08.2014,2801.04
04.08.2014,2808.84
05.08.2014,2765.67
06.08.2014,2718.15
07.08.2014,2715.64
08.08.2014,2745.32
11.08.2014,2794.02
12.08.2014,2797.36
13.08.2014,2847.32
14.08.2014,2864.78
15.08.2014,2885.49
18.08.2014,2899.81
19.08.2014,2924.84
20.08.2014,2944.76
21.08.2014,2973.53
22.08.2014,2942.47
25.08.2014,2958.21
26.08.2014,2934.89
27.08.2014,2944
28.08.2014,2894.71
29.08.2014,2847.59
01.09.2014,2830.04
02.09.2014,2845.58
03.09.2014,2944.4
04.09.2014,2960.37
05.09.2014,2995
08.09.2014,2972.88
09.09.2014,2979.14
10.09.2014,2979.29
11.09.2014,2940.26
12.09.2014,2957.65
15.09.2014,2946.96
16.09.2014,2993.16
17.09.2014,2935.93
18.09.2014,2933.79
19.09.2014,2898.79
22.09.2014,2858.98
23.09.2014,2891.99
24.09.2014,2916.4
25.09.2014,2904.08
26.09.2014,2899.97
29.09.2014,2845.72
30.09.2014,2850.74
01.10.2014,2827.75
02.10.2014,2779.26
03.10.2014,2795.31
06.10.2014,2860.66
07.10.2014,2830.33
08.10.2014,2781.75
09.10.2014,2792.23
10.10.2014,2750.98
13.10.2014,2791.15
14.10.2014,2811.04
15.10.2014,2775.88
16.10.2014,2741.37
17.10.2014,2789.8
20.10.2014,2770.76
21.10.2014,2784.1
22.10.2014,2764.94
23.10.2014,2761.66
24.10.2014,2777.71
27.10.2014,2803.42
28.10.2014,2845.38
29.10.2014,2893.01
30.10.2014,2918.99
31.10.2014,2989.68
03.11.2014,2992.19
05.11.2014,2997.81
06.11.2014,3000.95
07.11.2014,2998.98
10.11.2014,3031.68
11.11.2014,3029.23
12.11.2014,3026.04
13.11.2014,2981.69
14.11.2014,2997.38
17.11.2014,3006.21
18.11.2014,3029.89
19.11.2014,3025.34
20.11.2014,3049.14
21.11.2014,3064.83
24.11.2014,3046.26
25.11.2014,3045.03
26.11.2014,3059.37
27.11.2014,3046.66
28.11.2014,3049.33
01.12.2014,3134.21
02.12.2014,3141
03.12.2014,3185.42
04.12.2014,3133.71
05.12.2014,3026.45
08.12.2014,2924.26
09.12.2014,2909.88
10.12.2014,2930.38
11.12.2014,2865.3
12.12.2014,2872.03
15.12.2014,2797.55
16.12.2014,2833.14
17.12.2014,2770.93
18.12.2014,2893.04
19.12.2014,2850.84
22.12.2014,2820.45
23.12.2014,2741.86
24.12.2014,2746.04
25.12.2014,2767.45
26.12.2014,2783.32
29.12.2014,2809.29
30.12.2014,2735.78
05.01.2015,2793.93
06.01.2015,2878.13
08.01.2015,3000.38
09.01.2015,2934.97
12.01.2015,2920.1
13.01.2015,2954.84
14.01.2015,2992.39
15.01.2015,3005.57
16.01.2015,3056.09
19.01.2015,3016.19
20.01.2015,3002.15
21.01.2015,3088.58
22.01.2015,3177.06
23.01.2015,3183.17
26.01.2015,3115.72
27.01.2015,3171.7
28.01.2015,3118.25
29.01.2015,3099.22
30.01.2015,3110.61
02.02.2015,3058.5
03.02.2015,3110.72
04.02.2015,3111.4
05.02.2015,3184.14
06.02.2015,3293.04
09.02.2015,3272.39
10.02.2015,3258.23
11.02.2015,3295.38
12.02.2015,3365.99
13.02.2015,3429.36
16.02.2015,3351.34
17.02.2015,3336.13
18.02.2015,3362.96
19.02.2015,3338.42
20.02.2015,3326.21
24.02.2015,3277.8
25.02.2015,3227.3
26.02.2015,3251.43
27.02.2015,3245.76
02.03.2015,3284.3
03.03.2015,3327.86
04.03.2015,3237.59
05.03.2015,3238.56
06.03.2015,3178.46
10.03.2015,3057.54
11.03.2015,3067.53
12.03.2015,3053.93
13.03.2015,2985.22
16.03.2015,2948.72
17.03.2015,2950.94
18.03.2015,2987.19
19.03.2015,2941.86
20.03.2015,2978.51
23.03.2015,2927.94
24.03.2015,2955.61
25.03.2015,2948.76
26.03.2015,2886.2
27.03.2015,2866.31
30.03.2015,2938.19
31.03.2015,2961.36
01.04.2015,3025.22
02.04.2015,3056.32
03.04.2015,3059.92
06.04.2015,3093.38
07.04.2015,3083.81
08.04.2015,3061.5
09.04.2015,3031.88
10.04.2015,3012.18
13.04.2015,3049.27
14.04.2015,2992.86
15.04.2015,3047.46
16.04.2015,3064.99
17.04.2015,3009.65
20.04.2015,3056.67
21.04.2015,3105.22
22.04.2015,3045.43
23.04.2015,3017.88
24.04.2015,3053.82
27.04.2015,3042.48
28.04.2015,3043.22
29.04.2015,3030.52
30.04.2015,3063.18
05.05.2015,3121.99
06.05.2015,3108.06
07.05.2015,3058.17
08.05.2015,3098.78
12.05.2015,3090.31
13.05.2015,3049.42
14.05.2015,3040.59
15.05.2015,3065.42
18.05.2015,3040.99
19.05.2015,3005.88
20.05.2015,2964.79
21.05.2015,3005.15
22.05.2015,3028.8
25.05.2015,3009.13
26.05.2015,3001.99
27.05.2015,3018.96
28.05.2015,3012.51
29.05.2015,2924.16
01.06.2015,2937.6
02.06.2015,2985.51
03.06.2015,2958.9
04.06.2015,2977.3
05.06.2015,3002.55
08.06.2015,2992.58
09.06.2015,3023.5
10.06.2015,3003.47
11.06.2015,3003.7
15.06.2015,3013.17
16.06.2015,3033.93
17.06.2015,3026.19
18.06.2015,3020.54
19.06.2015,3025.61
22.06.2015,3040.98
23.06.2015,3014.3
24.06.2015,3004.32
25.06.2015,2968.01
26.06.2015,2995.32
29.06.2015,2977.42
30.06.2015,3012.96
01.07.2015,2985.73
02.07.2015,2988.55
03.07.2015,2972.96
06.07.2015,2961.49
07.07.2015,2947.71
08.07.2015,2912.01
09.07.2015,2947.01
10.07.2015,2963.99
13.07.2015,3010.64
14.07.2015,3021.74
15.07.2015,3054.33
16.07.2015,3076.34
17.07.2015,3071.34
20.07.2015,3025.6
21.07.2015,3041.42
22.07.2015,3040.53
23.07.2015,3004
24.07.2015,2965.08
27.07.2015,2942.94
28.07.2015,2978.53
29.07.2015,3010.84
30.07.2015,3036.78
31.07.2015,3095.89
03.08.2015,3084.64
04.08.2015,3104.16
05.08.2015,3138.31
06.08.2015,3105.77
07.08.2015,3132.73
10.08.2015,3153.12
11.08.2015,3145.07
12.08.2015,3144.31
13.08.2015,3155.93
14.08.2015,3171.04
17.08.2015,3161.61
18.08.2015,3130.32
19.08.2015,3097.81
20.08.2015,3137.63
21.08.2015,3077.59
24.08.2015,3022.6
25.08.2015,3066.61
26.08.2015,3071.49
27.08.2015,3134.5
28.08.2015,3178.41
31.08.2015,3203.24
01.09.2015,3137.86
02.09.2015,3124.02
03.09.2015,3160.13
04.09.2015,3136.62
07.09.2015,3140.4
08.09.2015,3163.8
09.09.2015,3178.43
10.09.2015,3171.32
11.09.2015,3169.16
14.09.2015,3188.91
15.09.2015,3163.44
16.09.2015,3191.49
17.09.2015,3186.09
18.09.2015,3151.66
21.09.2015,3129.39
22.09.2015,3063.51
23.09.2015,3019.59
24.09.2015,2989.27
25.09.2015,3023.14
28.09.2015,2978.53
29.09.2015,3004.03
30.09.2015,3026.42
01.10.2015,2996.38
02.10.2015,2969.14
05.10.2015,3042.58
06.10.2015,3075.4
07.10.2015,3090.86
08.10.2015,3110.85
09.10.2015,3182.44
12.10.2015,3147.35
13.10.2015,3167.44
14.10.2015,3170.74
15.10.2015,3186.91
16.10.2015,3158.72
19.10.2015,3154.78
20.10.2015,3166.04
21.10.2015,3141.99
22.10.2015,3145.46
23.10.2015,3169.23
26.10.2015,3142.52
27.10.2015,3167.03
28.10.2015,3167.59
29.10.2015,3133.8
30.10.2015,3138.42
02.11.2015,3180.53
03.11.2015,3230.76
05.11.2015,3234.06
06.11.2015,3211.43
09.11.2015,3203.7
10.11.2015,3194.66
11.11.2015,3182.2
12.11.2015,3180.32
13.11.2015,3157.98
16.11.2015,3176.85
17.11.2015,3262.65
18.11.2015,3304.27
19.11.2015,3304.77
20.11.2015,3332.25
23.11.2015,3405.13
24.11.2015,3298.56
25.11.2015,3340.51
26.11.2015,3330.16
27.11.2015,3269.96
30.11.2015,3222.66
01.12.2015,3225.35
02.12.2015,3219.39
03.12.2015,3249.68
04.12.2015,3190.7
07.12.2015,3162.75
08.12.2015,3121.34
09.12.2015,3146.57
10.12.2015,3146.3
11.12.2015,3122.69
14.12.2015,3099.31
15.12.2015,3159.76
16.12.2015,3181.2
17.12.2015,3228.01
18.12.2015,3116.1
21.12.2015,3112.03
22.12.2015,3122.93
23.12.2015,3176.37
24.12.2015,3166.23
25.12.2015,3150.02
28.12.2015,3142.22
29.12.2015,3205.75
30.12.2015,3201.29
04.01.2016,3148.1
05.01.2016,3186.82
06.01.2016,3175.74
11.01.2016,3051.12
12.01.2016,3064.24
13.01.2016,3053.29
14.01.2016,3045.09
15.01.2016,2913
18.01.2016,2935.78
19.01.2016,2976.7
20.01.2016,2948.35
21.01.2016,3032.05
22.01.2016,3104.84
25.01.2016,3100
26.01.2016,3078.2
27.01.2016,3154.06
28.01.2016,3197.04
29.01.2016,3219.48
01.02.2016,3195.41
02.02.2016,3167.78
03.02.2016,3145.63
04.02.2016,3219.85
05.02.2016,3205.92
08.02.2016,3138.5
09.02.2016,3100.2
10.02.2016,3112.96
11.02.2016,3077.67
12.02.2016,3103.01
15.02.2016,3123.45
16.02.2016,3150.29
17.02.2016,3179.15
18.02.2016,3244.7
19.02.2016,3219.16
20.02.2016,3212.69
22.02.2016,3269.11
24.02.2016,3222.66
25.02.2016,3233.83
26.02.2016,3256.16
29.02.2016,3296.03
01.03.2016,3302.47
02.03.2016,3281.7
03.03.2016,3327.49
04.03.2016,3362.08
07.03.2016,3416.56
09.03.2016,3368.01
10.03.2016,3370.43
11.03.2016,3355.47
14.03.2016,3333.91
15.03.2016,3315.09
16.03.2016,3343.45
17.03.2016,3377.94
18.03.2016,3418.94
21.03.2016,3400.43
22.03.2016,3398.09
23.03.2016,3355.49
24.03.2016,3331.4
25.03.2016,3330.12
28.03.2016,3298.47
29.03.2016,3290.65
30.03.2016,3330.99
31.03.2016,3335.94
01.04.2016,3309.81
04.04.2016,3325.94
05.04.2016,3308.44
06.04.2016,3313.45
07.04.2016,3310.62
08.04.2016,3342.92
11.04.2016,3394.19
12.04.2016,3380.11
13.04.2016,3439.29
14.04.2016,3408.64
15.04.2016,3394.78
18.04.2016,3366.36
19.04.2016,3432.57
20.04.2016,3485.47
21.04.2016,3467
22.04.2016,3497.05
25.04.2016,3474.56
26.04.2016,3458.2
27.04.2016,3436.77
28.04.2016,3498.78
29.04.2016,3471
04.05.2016,3419.82
05.05.2016,3385.8
06.05.2016,3376.62
10.05.2016,3346.05
11.05.2016,3387.68
12.05.2016,3374.54
13.05.2016,3386.98
16.05.2016,3400.09
17.05.2016,3388.4
18.05.2016,3402.57
19.05.2016,3356.49
20.05.2016,3355.71
23.05.2016,3313.76
24.05.2016,3341.15
25.05.2016,3366.99
26.05.2016,3394.34
27.05.2016,3417.42
30.05.2016,3430.16
31.05.2016,3364.99
01.06.2016,3354.21
02.06.2016,3349.56
03.06.2016,3342.18
06.06.2016,3391.98
07.06.2016,3454.81
08.06.2016,3454.91
09.06.2016,3425.59
10.06.2016,3379.75
14.06.2016,3346.75
15.06.2016,3353.14
16.06.2016,3318.14
17.06.2016,3330.68
20.06.2016,3379.29
21.06.2016,3381.23
22.06.2016,3367.83
23.06.2016,3407.49
24.06.2016,3350.96
27.06.2016,3273.9
28.06.2016,3301.05
29.06.2016,3355.6
30.06.2016,3361.01
01.07.2016,3373.59
04.07.2016,3397.67
05.07.2016,3375.99
06.07.2016,3346.53
07.07.2016,3358.4
08.07.2016,3382.54
11.07.2016,3431.27
12.07.2016,3475.94
13.07.2016,3471.79
14.07.2016,3485.32
15.07.2016,3499.09
18.07.2016,3490.11
19.07.2016,3481.48
20.07.2016,3479.41
21.07.2016,3501.72
22.07.2016,3499.65
25.07.2016,3506.68
26.07.2016,3518.31
27.07.2016,3517.93
28.07.2016,3545.98
29.07.2016,3527.54
01.08.2016,3530.68
02.08.2016,3467.81
03.08.2016,3479.51
04.08.2016,3526.26
05.08.2016,3525.1
08.08.2016,3548.05
09.08.2016,3547.62
10.08.2016,3522.67
11.08.2016,3539.9
12.08.2016,3567.09
15.08.2016,3585.38
16.08.2016,3582.68
17.08.2016,3570.68
18.08.2016,3572.27
19.08.2016,3553.48
22.08.2016,3588.57
23.08.2016,3607.46
24.08.2016,3596.72
25.08.2016,3600.27
26.08.2016,3614.39
29.08.2016,3602.33
30.08.2016,3600.45
31.08.2016,3574.87
01.09.2016,3584.75
02.09.2016,3633.25
05.09.2016,3657.31
06.09.2016,3697.25
07.09.2016,3722.82
08.09.2016,3717.21
09.09.2016,3676.18
12.09.2016,3660.43
13.09.2016,3632.31
14.09.2016,3632.07
15.09.2016,3618.72
16.09.2016,3592.01
19.09.2016,3600.87
20.09.2016,3609.38
21.09.2016,3619.85
22.09.2016,3671.64
23.09.2016,3647.01
26.09.2016,3621.21
27.09.2016,3580.38
28.09.2016,3589.52
29.09.2016,3617.9
30.09.2016,3585.21
03.10.2016,3599.95
04.10.2016,3596.21
05.10.2016,3579.09
06.10.2016,3593.64
07.10.2016,3586.13
10.10.2016,3625.34
11.10.2016,3625.76
12.10.2016,3610.62
13.10.2016,3584.07
14.10.2016,3565.46
17.10.2016,3546.84
18.10.2016,3568.38
19.10.2016,3564.96
20.10.2016,3545.59
21.10.2016,3546.2
24.10.2016,3553.91
25.10.2016,3579.47
26.10.2016,3574.65
27.10.2016,3583.18
28.10.2016,3586.22
31.10.2016,3598.95
01.11.2016,3611.52
02.11.2016,3560.19
03.11.2016,3548.73
07.11.2016,3528.58
08.11.2016,3555.61
09.11.2016,3633.97
10.11.2016,3692.05
11.11.2016,3669.66
14.11.2016,3650.15
15.11.2016,3640.74
16.11.2016,3661.62
17.11.2016,3686.07
18.11.2016,3677.48
21.11.2016,3712.83
22.11.2016,3725.66
23.11.2016,3760.41
24.11.2016,3790.91
25.11.2016,3781.69
28.11.2016,3773.76
29.11.2016,3759.15
30.11.2016,3791.16
01.12.2016,3821.16
02.12.2016,3833.49
05.12.2016,3884.82
06.12.2016,3873.56
07.12.2016,3887.74
08.12.2016,3970.92
09.12.2016,3973.13
12.12.2016,4006.05
13.12.2016,4041.74
14.12.2016,4008.89
15.12.2016,4023.48
16.12.2016,4013
19.12.2016,3983.19
20.12.2016,4001.86
21.12.2016,3976.12
22.12.2016,3922.01
23.12.2016,3918.87
26.12.2016,3925.79
27.12.2016,3955.07
28.12.2016,3942.9
29.12.2016,3985.74
30.12.2016,4032.9
03.01.2017,4125.4
04.01.2017,4085.72
05.01.2017,4006.32
06.01.2017,3993.95
09.01.2017,3986.73
10.01.2017,4033.23
11.01.2017,3999.27
12.01.2017,3986.55
13.01.2017,3955.47
16.01.2017,3942.08
17.01.2017,3922.68
18.01.2017,3906.34
19.01.2017,3891.46
20.01.2017,3886.56
23.01.2017,3859.29
24.01.2017,3909.76
25.01.2017,3911.51
26.01.2017,4006.72
27.01.2017,4072.14
30.01.2017,4012.39
31.01.2017,3981.52
01.02.2017,4006.38
02.02.2017,3980.72
03.02.2017,3996.66
06.02.2017,3966.82
07.02.2017,3981.33
08.02.2017,3928.7
09.02.2017,3900.35
10.02.2017,3878.9
13.02.2017,3876.72
14.02.2017,3840.56
15.02.2017,3832.34
16.02.2017,3852.48
17.02.2017,3815.84
20.02.2017,3798.59
21.02.2017,3813.76
22.02.2017,3775.06
24.02.2017,3750.8
27.02.2017,3684.29
28.02.2017,3646.94
01.03.2017,3689.83
02.03.2017,3670.19
03.03.2017,3684.18
06.03.2017,3666.75
07.03.2017,3626.17
09.03.2017,3535.25
10.03.2017,3534.61
13.03.2017,3581.02
14.03.2017,3582.86
15.03.2017,3567.21
16.03.2017,3606.06
17.03.2017,3646.34
20.03.2017,3656.19
21.03.2017,3665.61
22.03.2017,3689.55
23.03.2017,3670.62
24.03.2017,3650.3
27.03.2017,3602.23
28.03.2017,3636.75
29.03.2017,3620.8
30.03.2017,3617.38
31.03.2017,3570.74
03.04.2017,3592.54
04.04.2017,3622.7
05.04.2017,3677.06
06.04.2017,3673.74
07.04.2017,3611.74
10.04.2017,3522.97
11.04.2017,3534.6
12.04.2017,3480.8
13.04.2017,3474.73
14.04.2017,3423.6
17.04.2017,3469.68
18.04.2017,3429.24
19.04.2017,3422.1
20.04.2017,3449.69
21.04.2017,3471.72
24.04.2017,3532.77
25.04.2017,3566
26.04.2017,3616.47
27.04.2017,3588.88
28.04.2017,3599.6
02.05.2017,3616.09
03.05.2017,3556.45
04.05.2017,3565.91
05.05.2017,3574.01
10.05.2017,3617.91
11.05.2017,3571.68
12.05.2017,3557.06
15.05.2017,3574.74
16.05.2017,3556.15
17.05.2017,3558.24
18.05.2017,3510.21
19.05.2017,3500.4
22.05.2017,3477.95
23.05.2017,3494.73
24.05.2017,3479.74
25.05.2017,3470.91
26.05.2017,3448.15
29.05.2017,3458.54
30.05.2017,3444.12
31.05.2017,3385.76
01.06.2017,3330.63
02.06.2017,3351.7
05.06.2017,3342.89
06.06.2017,3328.6
07.06.2017,3325.04
08.06.2017,3334.66
09.06.2017,3350.59
13.06.2017,3332.2
14.06.2017,3290.45
15.06.2017,3253.1
16.06.2017,3261.55
19.06.2017,3313.1
20.06.2017,3327.08
21.06.2017,3313.6
22.06.2017,3340.02
23.06.2017,3352.65
26.06.2017,3337.92
27.06.2017,3370.52
28.06.2017,3393.23
29.06.2017,3372.92
30.06.2017,3372.17
03.07.2017,3413.24
04.07.2017,3439.73
05.07.2017,3446.79
06.07.2017,3477.36
07.07.2017,3465.32
10.07.2017,3490.52
11.07.2017,3512.02
12.07.2017,3543.39
13.07.2017,3556.43
14.07.2017,3558.43
17.07.2017,3555.33
18.07.2017,3539.64
19.07.2017,3590.26
20.07.2017,3580.28
21.07.2017,3540.87
24.07.2017,3552.81
25.07.2017,3537.98
26.07.2017,3555.13
27.07.2017,3577.15
28.07.2017,3524.91
31.07.2017,3529.79
01.08.2017,3568.71
02.08.2017,3615.96
03.08.2017,3616.25
04.08.2017,3595.15
07.08.2017,3628.12
08.08.2017,3664.19
09.08.2017,3639.59
10.08.2017,3611.34
11.08.2017,3583.59
14.08.2017,3598.23
15.08.2017,3596.15
16.08.2017,3583.13
17.08.2017,3581.24
18.08.2017,3561.93
21.08.2017,3576.62
22.08.2017,3595.23
23.08.2017,3616.4
24.08.2017,3644.7
25.08.2017,3655.74
28.08.2017,3672.47
29.08.2017,3676.75
30.08.2017,3713.92
31.08.2017,3739.24
01.09.2017,3719.11
04.09.2017,3705.5
05.09.2017,3706.98
06.09.2017,3726.72
07.09.2017,3719.24
08.09.2017,3761.21
11.09.2017,3782.83
12.09.2017,3810.17
13.09.2017,3801.99
14.09.2017,3801.33
15.09.2017,3804.42
18.09.2017,3815.52
19.09.2017,3797.01
20.09.2017,3813.03
21.09.2017,3818.24
22.09.2017,3802.74
25.09.2017,3837.53
26.09.2017,3841.46
27.09.2017,3860.19
28.09.2017,3844.1
29.09.2017,3854.59
02.10.2017,3852.01
03.10.2017,3853.77
04.10.2017,3854.05
05.10.2017,3874.63
06.10.2017,3884.67
09.10.2017,3893.04
10.10.2017,3875.36
11.10.2017,3902.65
12.10.2017,3895.39
13.10.2017,3902.22
16.10.2017,3915.63
17.10.2017,3889.7
18.10.2017,3897.58
19.10.2017,3857.01
20.10.2017,3855.07
23.10.2017,3839.42
24.10.2017,3835.41
25.10.2017,3812.26
26.10.2017,3806.83
27.10.2017,3847.63
30.10.2017,3840.36
31.10.2017,3838.37
01.11.2017,3872.37
02.11.2017,3854.07
03.11.2017,3868.86
07.11.2017,4006
08.11.2017,4019.57
09.11.2017,4057.54
10.11.2017,4030.59
13.11.2017,4026.68
14.11.2017,4024.89
15.11.2017,3959.45
16.11.2017,3960.82
17.11.2017,3959.17
20.11.2017,3955.47
21.11.2017,4002.39
22.11.2017,4010.15
23.11.2017,3988.32
24.11.2017,4011.45
27.11.2017,3982.16
28.11.2017,3988.52
29.11.2017,3941.16
30.11.2017,3897.34
01.12.2017,3907.02
04.12.2017,3932.5
05.12.2017,3921.35
06.12.2017,3940.16
07.12.2017,3901.68
08.12.2017,3904.58
11.12.2017,3983.84
12.12.2017,4005.83
13.12.2017,3951.89
14.12.2017,3989.6
15.12.2017,3973.96
18.12.2017,3955.56
19.12.2017,3924.6
20.12.2017,3895.93
21.12.2017,3900.49
22.12.2017,3917.78
25.12.2017,3920.32
26.12.2017,3904.84
27.12.2017,3921.33
28.12.2017,3914.69
29.12.2017,3926.91
03.01.2018,4004.95
04.01.2018,4087.56
05.01.2018,4107.48
09.01.2018,4139.28
10.01.2018,4151.66
11.01.2018,4177.61
12.01.2018,4206.83
15.01.2018,4203.98
16.01.2018,4196.79
17.01.2018,4233.54
18.01.2018,4269.51
19.01.2018,4248.39
22.01.2018,4288.5
23.01.2018,4270.13
24.01.2018,4284.64
25.01.2018,4308.42
26.01.2018,4261.99
29.01.2018,4240.32
30.01.2018,4232.64
31.01.2018,4250.09
01.02.2018,4273.01
02.02.2018,4234.22
05.02.2018,4224.01
06.02.2018,4152.08
07.02.2018,4182.18
08.02.2018,4131.05
09.02.2018,4074.87
12.02.2018,4116.61
13.02.2018,4172.86
14.02.2018,4186.13
15.02.2018,4199.71
16.02.2018,4180.53
19.02.2018,4178.94
20.02.2018,4206.8
21.02.2018,4299.5
22.02.2018,4329.76
26.02.2018,4358.72
27.02.2018,4337.53
28.02.2018,4253.69
01.03.2018,4255.41
02.03.2018,4238.23
05.03.2018,4275.34
06.03.2018,4263.45
07.03.2018,4240.68
09.03.2018,4278.03
12.03.2018,4288.53
13.03.2018,4290.66
14.03.2018,4208.61
15.03.2018,4203.14
16.03.2018,4243.63
19.03.2018,4218.63
20.03.2018,4235.72
21.03.2018,4268.93
22.03.2018,4224.92
23.03.2018,4224.09
26.03.2018,4140.35
27.03.2018,4179.97
28.03.2018,4155.06
29.03.2018,4201.57
30.03.2018,4194.46
02.04.2018,4166.67
03.04.2018,4179.45
04.04.2018,4182.15
05.04.2018,4238.2
06.04.2018,4209.94
09.04.2018,3857.19
10.04.2018,4009.58
11.04.2018,4042.99
12.04.2018,4075.48
13.04.2018,4010.64
16.04.2018,3951.09
17.04.2018,4038.16
18.04.2018,4130.33
19.04.2018,4109.65
20.04.2018,4113.02
23.04.2018,4145.22
24.04.2018,4149.81
25.04.2018,4148.79
26.04.2018,4208.12
27.04.2018,4236.06
28.04.2018,4227.83
30.04.2018,4244.64
02.05.2018,4245.06
03.05.2018,4185.01
04.05.2018,4212.84
07.05.2018,4225.36
08.05.2018,4233.8
10.05.2018,4254.08
11.05.2018,4313.04
14.05.2018,4337.26
15.05.2018,4298.84
16.05.2018,4300.82
17.05.2018,4272.93
18.05.2018,4278.71
21.05.2018,4287.6
22.05.2018,4276.5
23.05.2018,4218.45
24.05.2018,4215.06
25.05.2018,4237.62
28.05.2018,4245.14
29.05.2018,4220.23
30.05.2018,4218.98
31.05.2018,4229.84
01.06.2018,4222.91
04.06.2018,4272.89
05.06.2018,4262.25
06.06.2018,4256.43
07.06.2018,4257.13
08.06.2018,4169.28
09.06.2018,4193.59
13.06.2018,4171.87
14.06.2018,4139.5
15.06.2018,4109.53
18.06.2018,4084.75
19.06.2018,4085.7
20.06.2018,4149.12
21.06.2018,4129.46
22.06.2018,4136.27
25.06.2018,4144.94
26.06.2018,4133.85
27.06.2018,4174.99
28.06.2018,4168.12
29.06.2018,4255.69
02.07.2018,4297.69
03.07.2018,4264.6
04.07.2018,4268.69
05.07.2018,4357.02
06.07.2018,4363.56
09.07.2018,4414.11
10.07.2018,4417.88
11.07.2018,4363.29
12.07.2018,4343.9
13.07.2018,4389.12
16.07.2018,4378.81
17.07.2018,4336.27
18.07.2018,4344.72
19.07.2018,4296.4
20.07.2018,4255.41
23.07.2018,4279.72
24.07.2018,4311.61
25.07.2018,4319.83
26.07.2018,4338.81
27.07.2018,4337.77
30.07.2018,4342.31
31.07.2018,4389.96
01.08.2018,4378.36
02.08.2018,4340.47
03.08.2018,4345.82
06.08.2018,4349.36
07.08.2018,4372.62
08.08.2018,4336.34
09.08.2018,4367.66
10.08.2018,4306.84
13.08.2018,4330.68
14.08.2018,4325.5
15.08.2018,4295.64
16.08.2018,4284.17
17.08.2018,4272.85
20.08.2018,4305.72
21.08.2018,4342.22
22.08.2018,4352.25
23.08.2018,4282.09
24.08.2018,4319.44
27.08.2018,4382.25
28.08.2018,4388.57
29.08.2018,4449.5
30.08.2018,4416.29
31.08.2018,4444.56
03.09.2018,4444.51
04.09.2018,4425.9
05.09.2018,4397.15
06.09.2018,4396.48
07.09.2018,4398.46
10.09.2018,4424.33
11.09.2018,4422.84
12.09.2018,4432.91
13.09.2018,4464.29
14.09.2018,4469.62
17.09.2018,4494.44
18.09.2018,4548.79
19.09.2018,4552.02
20.09.2018,4545.1
21.09.2018,4593.91
24.09.2018,4602.66
25.09.2018,4629.33
26.09.2018,4597.02
27.09.2018,4686.31
28.09.2018,4703.77
01.10.2018,4697.05
02.10.2018,4653.74
03.10.2018,4737.2
04.10.2018,4681.8
05.10.2018,4654.45
08.10.2018,4669.23
09.10.2018,4651.48
10.10.2018,4601.2
11.10.2018,4516.97
12.10.2018,4592.87
15.10.2018,4564.62
16.10.2018,4618.01
17.10.2018,4607.57
18.10.2018,4544.39
19.10.2018,4479.25
22.10.2018,4408.55
23.10.2018,4402.36
24.10.2018,4460.88
25.10.2018,4451.02
26.10.2018,4377.28
29.10.2018,4421.29
30.10.2018,4388.2
31.10.2018,4488.31
01.11.2018,4500.42
02.11.2018,4535.2
06.11.2018,4597.66
07.11.2018,4659.84
08.11.2018,4646.26
09.11.2018,4578.54
12.11.2018,4557.86
13.11.2018,4521.17
14.11.2018,4527.37
15.11.2018,4532.06
16.11.2018,4514.61
19.11.2018,4514.46
20.11.2018,4452.52
21.11.2018,4482.91
22.11.2018,4504.13
23.11.2018,4452.91
26.11.2018,4385.21
27.11.2018,4441.86
28.11.2018,4521.65
29.11.2018,4554.01
30.11.2018,4541.75
03.12.2018,4634.22
04.12.2018,4637.12
05.12.2018,4639.99
06.12.2018,4575.68
07.12.2018,4610.44
10.12.2018,4541.44
11.12.2018,4535.33
12.12.2018,4488.82
13.12.2018,4503.04
14.12.2018,4477.58
17.12.2018,4463.73
18.12.2018,4445.81
19.12.2018,4460.28
20.12.2018,4465.89
21.12.2018,4453.86
24.12.2018,4403.04
25.12.2018,4342.82
26.12.2018,4375.74
27.12.2018,4410.48
28.12.2018,4467.43
29.12.2018,4486.73
03.01.2019,4492.05
04.01.2019,4549.01
08.01.2019,4522.53
09.01.2019,4567.3
10.01.2019,4604.61
11.01.2019,4622.61
14.01.2019,4609.99
15.01.2019,4607.36
16.01.2019,4596.53
17.01.2019,4619.64
18.01.2019,4667.14
21.01.2019,4652.51
22.01.2019,4651.9
23.01.2019,4693.27
24.01.2019,4675.21
25.01.2019,4702.92
28.01.2019,4658.05
29.01.2019,4697.05
30.01.2019,4720.91
31.01.2019,4736.75
01.02.2019,4737.4
04.02.2019,4738.58
05.02.2019,4782.43
06.02.2019,4767.53
07.02.2019,4710.77
08.02.2019,4696.76
11.02.2019,4708.43
12.02.2019,4751.03
13.02.2019,4661.1
14.02.2019,4613.61
15.02.2019,4667.88
18.02.2019,4632.44
19.02.2019,4605.74
20.02.2019,4659.84
21.02.2019,4626.17
22.02.2019,4659.89
25.02.2019,4668.93
26.02.2019,4667.07
27.02.2019,4660.03
28.02.2019,4649.23
01.03.2019,4634.92
04.03.2019,4625.59
05.03.2019,4610.99
06.03.2019,4662.5
07.03.2019,4629.5
11.03.2019,4607.59
12.03.2019,4611.43
13.03.2019,4615.37
14.03.2019,4590.94
15.03.2019,4625.85
18.03.2019,4637.43
19.03.2019,4654.84
20.03.2019,4674.8
21.03.2019,4681
22.03.2019,4652.32
25.03.2019,4660.01
26.03.2019,4687.58
27.03.2019,4640.18
28.03.2019,4648.88
29.03.2019,4657.17
01.04.2019,4700.76
02.04.2019,4712.46
03.04.2019,4720.48
04.04.2019,4725.95
05.04.2019,4735.73
08.04.2019,4769.91
09.04.2019,4788.48
10.04.2019,4803.47
11.04.2019,4752.47
12.04.2019,4767.42
15.04.2019,4738.85
16.04.2019,4765.8
17.04.2019,4781.02
18.04.2019,4766.67
19.04.2019,4771.97
22.04.2019,4809.38
23.04.2019,4814.01
24.04.2019,4797.86
25.04.2019,4763.7
26.04.2019,4768.42
29.04.2019,4778.4
30.04.2019,4758.4
02.05.2019,4786.98
03.05.2019,4803.5
06.05.2019,4802.23
07.05.2019,4774.43
08.05.2019,4737.16
10.05.2019,4681.11
13.05.2019,4673.19
14.05.2019,4772.25
15.05.2019,4758.57
16.05.2019,4807.63
17.05.2019,4800.35
20.05.2019,4787.91
21.05.2019,4870.94
22.05.2019,4911.69
23.05.2019,4873.75
24.05.2019,4879.74
27.05.2019,4903.67
28.05.2019,4859.99
29.05.2019,4917.87
30.05.2019,4954.31
31.05.2019,4965.87
03.06.2019,5085.54
04.06.2019,5041.44
05.06.2019,5033.08
06.06.2019,5082.76
07.06.2019,5086.01
10.06.2019,5111.17
11.06.2019,5182.33
13.06.2019,5200.39
14.06.2019,5170.66
17.06.2019,5163.91
18.06.2019,5218.92
19.06.2019,5215.26
20.06.2019,5272.16
21.06.2019,5238.09
24.06.2019,5241.15
25.06.2019,5224.59
26.06.2019,5264.71
27.06.2019,5273.2
28.06.2019,5246.93
01.07.2019,5314.3
02.07.2019,5329.78
03.07.2019,5357.31
04.07.2019,5405.52
05.07.2019,5391.05
08.07.2019,5397.49
09.07.2019,5398.56
10.07.2019,5398.38
11.07.2019,5334.76
12.07.2019,5316.62
15.07.2019,5277.04
16.07.2019,5275.63
17.07.2019,5277.93
18.07.2019,5259.82
19.07.2019,5255.55
22.07.2019,5222.78
23.07.2019,5255.14
24.07.2019,5219.49
25.07.2019,5254.39
26.07.2019,5282.56
29.07.2019,5306.02
30.07.2019,5318.15
31.07.2019,5327.18
01.08.2019,5307.24
02.08.2019,5201.64
05.08.2019,5152.78
06.08.2019,5219.67
07.08.2019,5203.8
08.08.2019,5246.44
09.08.2019,5213.82
12.08.2019,5234.92
13.08.2019,5216.23
14.08.2019,5132.78
15.08.2019,5110.87
16.08.2019,5091.06
19.08.2019,5156.28
20.08.2019,5204.88
21.08.2019,5207.44
22.08.2019,5210.15
23.08.2019,5182.52
26.08.2019,5178.86
27.08.2019,5181.43
28.08.2019,5216.82
29.08.2019,5289.21
30.08.2019,5339.88
02.09.2019,5405.25
03.09.2019,5407.87
04.09.2019,5445.51
05.09.2019,5473.77
06.09.2019,5455.52
09.09.2019,5435.08
10.09.2019,5437.12
11.09.2019,5495.01
12.09.2019,5462.01
13.09.2019,5446.22
16.09.2019,5532.52
17.09.2019,5506.54
18.09.2019,5502.42
19.09.2019,5456.19
20.09.2019,5459.69
23.09.2019,5439.18
24.09.2019,5379.07
25.09.2019,5390.6
26.09.2019,5430.89
30.09.2019,5382.04
01.10.2019,5405.16
02.10.2019,5327.66
03.10.2019,5304.08
04.10.2019,5293.1
07.10.2019,5344.85
08.10.2019,5322.37
10.10.2019,5364.34
11.10.2019,5346.37
14.10.2019,5326.25
15.10.2019,5361.16
16.10.2019,5418.38
17.10.2019,5426.62
18.10.2019,5434.82
21.10.2019,5450.41
22.10.2019,5531.26
23.10.2019,5569.22
24.10.2019,5678.47
25.10.2019,5671.05
28.10.2019,5637.78
29.10.2019,5695.89
30.10.2019,5744.34
31.10.2019,5710.22
01.11.2019,5781.83
05.11.2019,5817.44
06.11.2019,5878.61
07.11.2019,5932.69
08.11.2019,5862.43
11.11.2019,5837.67
12.11.2019,5816.83
13.11.2019,5782.25
14.11.2019,5759.17
15.11.2019,5783.01
18.11.2019,5761.02
19.11.2019,5794.38
20.11.2019,5783.56
21.11.2019,5795.1
22.11.2019,5804.56
25.11.2019,5817.97
26.11.2019,5768.81
27.11.2019,5765.18
28.11.2019,5761.74
29.11.2019,5776.55
02.12.2019,5749.19
03.12.2019,5674.33
04.12.2019,5707.48
05.12.2019,5704.12
06.12.2019,5761.44
09.12.2019,5791.43
10.12.2019,5765.92
11.12.2019,5808.51
12.12.2019,5864.34
16.12.2019,5908.56
17.12.2019,5921.88
18.12.2019,5942.09
19.12.2019,5936.71
20.12.2019,5950.9
23.12.2019,5984.1
24.12.2019,5977.05
25.12.2019,5976.85
26.12.2019,5990.28
27.12.2019,6036
30.12.2019,6024.8
03.01.2020,6082.16
06.01.2020,6084.75
08.01.2020,6146.68
09.01.2020,6161.74
10.01.2020,6173
13.01.2020,6225.99
14.01.2020,6183.4
15.01.2020,6188.25
16.01.2020,6236.04
17.01.2020,6313.54
20.01.2020,6356.59
21.01.2020,6334.65
22.01.2020,6265.55
23.01.2020,6198.79
24.01.2020,6207.85
27.01.2020,6085.06
28.01.2020,6139.38
29.01.2020,6169.54
30.01.2020,6128.88
31.01.2020,6071.22
03.02.2020,6058.39
04.02.2020,6110.49
05.02.2020,6142.63
06.02.2020,6107.29
07.02.2020,6088.75
10.02.2020,6036.96
11.02.2020,6105.6
12.02.2020,6153.56
13.02.2020,6130.16
14.02.2020,6103.51
17.02.2020,6127.39
18.02.2020,6055.76
19.02.2020,6134.88
20.02.2020,6154.92
21.02.2020,6116.67
25.02.2020,5910.46
26.02.2020,5938.79
27.02.2020,5738.22
28.02.2020,5480.27
02.03.2020,5440.07
03.03.2020,5548.45
04.03.2020,5560.53
05.03.2020,5537.31
06.03.2020,5345.29
10.03.2020,4908.28
11.03.2020,4895.52
12.03.2020,4489.23
13.03.2020,4547.29
16.03.2020,4447.8
17.03.2020,4364.3
18.03.2020,4143.66
19.03.2020,4462.69
20.03.2020,4576.69
23.03.2020,4420.72
24.03.2020,4738.93
25.03.2020,4810.1
26.03.2020,4883.16
27.03.2020,4708.05
30.03.2020,4768.74
31.03.2020,4915.75
01.04.2020,4845.93
02.04.2020,4986.27
03.04.2020,5036.35
06.04.2020,5130.71
07.04.2020,5153.06
08.04.2020,5220.81
09.04.2020,5281.24
10.04.2020,5233.07
13.04.2020,5133.04
14.04.2020,5137.45
15.04.2020,4876.69
16.04.2020,4906.79
17.04.2020,4944.29
20.04.2020,4922.67
21.04.2020,4847.37
22.04.2020,5012.35
23.04.2020,5061.6
24.04.2020,4987.44
27.04.2020,5000.58
28.04.2020,5079.58
29.04.2020,5177.12
30.04.2020,5151.25
04.05.2020,5098.14
05.05.2020,5153.78
06.05.2020,5111.74
07.05.2020,5122.78
08.05.2020,5137.64
12.05.2020,5136.81
13.05.2020,5064.31
14.05.2020,5040.82
15.05.2020,5047.39
18.05.2020,5241.26
19.05.2020,5274.79
20.05.2020,5389.22
21.05.2020,5287.39
22.05.2020,5279.96
25.05.2020,5373.16
26.05.2020,5365.12
27.05.2020,5339.29
28.05.2020,5428.13
29.05.2020,5336.94
01.06.2020,5365.89
02.06.2020,5455.77
03.06.2020,5522.8
04.06.2020,5395.96
05.06.2020,5447.22
08.06.2020,5454.68
09.06.2020,5453.49
10.06.2020,5432.19
11.06.2020,5361.26
15.06.2020,5315.7
16.06.2020,5373.77
17.06.2020,5357.34
18.06.2020,5331.62
19.06.2020,5398.93
22.06.2020,5406.78
23.06.2020,5462.51
25.06.2020,5400.64
26.06.2020,5402.18
29.06.2020,5413.2
30.06.2020,5364.4
02.07.2020,5452.54
03.07.2020,5478.25
06.07.2020,5541.92
07.07.2020,5521.8
08.07.2020,5511.34
09.07.2020,5490.56
10.07.2020,5531.21
13.07.2020,5461.92
14.07.2020,5417.39
15.07.2020,5485.31
16.07.2020,5508.84
17.07.2020,5543
20.07.2020,5595.94
21.07.2020,5642.17
22.07.2020,5659.38
23.07.2020,5692.96
24.07.2020,5714.94
27.07.2020,5756.42
28.07.2020,5776.87
29.07.2020,5822.04
30.07.2020,5750
31.07.2020,5807.06
03.08.2020,5843.26
04.08.2020,5864.25
05.08.2020,5968.68
06.08.2020,5960.21
07.08.2020,5928.08
10.08.2020,5905.23
11.08.2020,5994.76
12.08.2020,6091.29
13.08.2020,6144.13
14.08.2020,6107.41
17.08.2020,6088.64
18.08.2020,6085.21
19.08.2020,6096.93
20.08.2020,5974.12
21.08.2020,5978.03
24.08.2020,6045.74
25.08.2020,6045.08
26.08.2020,6090.9
27.08.2020,6014.46
28.08.2020,5950.96
31.08.2020,5923.29
01.09.2020,5940.94
02.09.2020,5904.14
03.09.2020,5858.13
04.09.2020,5837.56
07.09.2020,5860.63
08.09.2020,5773.83
09.09.2020,5748.54
10.09.2020,5791.61
11.09.2020,5817.65
14.09.2020,5853.78
15.09.2020,5958.27
16.09.2020,5947.27
17.09.2020,5940.88
18.09.2020,5901.12
21.09.2020,5725.66
22.09.2020,5767.76
23.09.2020,5831.34
24.09.2020,5824.21
25.09.2020,5792.5
28.09.2020,5854.59
29.09.2020,5820.64
30.09.2020,5812.14
01.10.2020,5780.26
02.10.2020,5780.25
05.10.2020,5837.72
06.10.2020,5859.22
07.10.2020,5756.32
08.10.2020,5764.45
09.10.2020,5751.48
12.10.2020,5773.54
13.10.2020,5738.44
14.10.2020,5792.55
15.10.2020,5713.09
16.10.2020,5676.3
19.10.2020,5668.93
20.10.2020,5685.98
21.10.2020,5651.06
22.10.2020,5684.63
23.10.2020,5711.28
26.10.2020,5645.85
27.10.2020,5599.36
28.10.2020,5457.61
29.10.2020,5488.42
30.10.2020,5450.29
02.11.2020,5542.56
03.11.2020,5640.19
05.11.2020,5789.21
06.11.2020,5857.08
09.11.2020,6039.16
10.11.2020,6059.68
11.11.2020,6091.43
12.11.2020,6111.81
13.11.2020,6109.13
16.11.2020,6214.83
17.11.2020,6157.84
18.11.2020,6213.8
19.11.2020,6143.38
20.11.2020,6151.12
23.11.2020,6138.74
24.11.2020,6235.55
25.11.2020,6312.81
26.11.2020,6319.57
27.11.2020,6326.25
30.11.2020,6251.17
01.12.2020,6330.87
02.12.2020,6413.27
03.12.2020,6357.41
04.12.2020,6400.02
07.12.2020,6418.32
08.12.2020,6385.54
09.12.2020,6448.19
10.12.2020,6540.11
11.12.2020,6575.03
14.12.2020,6526.16
15.12.2020,6510.95
16.12.2020,6552.98
17.12.2020,6586.77
18.12.2020,6567.12
21.12.2020,6386.74
22.12.2020,6485.4
23.12.2020,6528.26
24.12.2020,6497.54
25.12.2020,6516.29
28.12.2020,6539.24
29.12.2020,6569.03
30.12.2020,6596.06
04.01.2021,6711.45
05.01.2021,6727.31
06.01.2021,6749.65
08.01.2021,6914.43
11.01.2021,6965.3
12.01.2021,6942.13
13.01.2021,6939.54
14.01.2021,6979.22
15.01.2021,6897.95
18.01.2021,6935.4
19.01.2021,6876.6
20.01.2021,6922.18
21.01.2021,6832.6
22.01.2021,6751.79
25.01.2021,6776.47
26.01.2021,6761.61
27.01.2021,6666.17
28.01.2021,6661.53
29.01.2021,6530.69
01.02.2021,6554.47
02.02.2021,6690.26
03.02.2021,6654.98
04.02.2021,6709.93
05.02.2021,6749.31
08.02.2021,6849.37
09.02.2021,6809.63
10.02.2021,6753.71
11.02.2021,6780.95
12.02.2021,6804.4
15.02.2021,6907.49
16.02.2021,6932.08
17.02.2021,6814.25
18.02.2021,6739.75
19.02.2021,6851.84
20.02.2021,6827.43
22.02.2021,6799.11
24.02.2021,6699.46
25.02.2021,6745.64
26.02.2021,6618.93
01.03.2021,6691.52
02.03.2021,6737.4
03.03.2021,6747.71
04.03.2021,6709.77
05.03.2021,6741.07
09.03.2021,6862.77
10.03.2021,6830.43
11.03.2021,6918.61
12.03.2021,6978.23
15.03.2021,7062.44
16.03.2021,7071.45
17.03.2021,6908.62
18.03.2021,6901.12
19.03.2021,6841.41
22.03.2021,6864.22
23.03.2021,6819.77
24.03.2021,6853.95
25.03.2021,6762
26.03.2021,6859.9
29.03.2021,6933.13
30.03.2021,6923.61
31.03.2021,6954.51
01.04.2021,6925.2
02.04.2021,6984.08
05.04.2021,6914.74
06.04.2021,6852.53
07.04.2021,6863.86
08.04.2021,6877.22
09.04.2021,6833.16
12.04.2021,6900.95
13.04.2021,6906.77
14.04.2021,7004.51
15.04.2021,6986.75
16.04.2021,7043.99
19.04.2021,6992.26
20.04.2021,6948.52
21.04.2021,6965.4
22.04.2021,7039.58
23.04.2021,7032.01
26.04.2021,7054.92
27.04.2021,7033.29
28.04.2021,6988.03
29.04.2021,6972.88
30.04.2021,6918.73
04.05.2021,6977.24
05.05.2021,7104.95
06.05.2021,7131.94
07.05.2021,7177.84
10.05.2021,7196.27
11.05.2021,7111.35
12.05.2021,7113.74
13.05.2021,7180.93
14.05.2021,7181.76
17.05.2021,7109.2
18.05.2021,7201.93
19.05.2021,7096.35
20.05.2021,7097.4
21.05.2021,7214.9
24.05.2021,7213.75
25.05.2021,7259.79
26.05.2021,7305.88
27.05.2021,7363.29
28.05.2021,7345.54
31.05.2021,7349.88
01.06.2021,7432.95
02.06.2021,7536.04
03.06.2021,7510.18
04.06.2021,7517.46
07.06.2021,7541.46
08.06.2021,7510.57
09.06.2021,7579.92
10.06.2021,7547.49
11.06.2021,7573
15.06.2021,7528.38
16.06.2021,7542.86
17.06.2021,7520.27
18.06.2021,7486.8
21.06.2021,7502.32
22.06.2021,7520.52
23.06.2021,7549.23
24.06.2021,7526.61
25.06.2021,7541.41
28.06.2021,7523.9
29.06.2021,7453.9
30.06.2021,7552.45
01.07.2021,7592.29
02.07.2021,7634.81
05.07.2021,7666.43
06.07.2021,7669.04
07.07.2021,7698.2
08.07.2021,7637.76
09.07.2021,7627.43
12.07.2021,7665.29
13.07.2021,7667.34
14.07.2021,7633.61
15.07.2021,7569.02
16.07.2021,7510.95
19.07.2021,7373.06
20.07.2021,7394.24
21.07.2021,7430.54
22.07.2021,7492.63
23.07.2021,7452.17
26.07.2021,7480.98
27.07.2021,7446.32
28.07.2021,7543.67
29.07.2021,7586.89
30.07.2021,7520.82
02.08.2021,7551.84
03.08.2021,7562.57
04.08.2021,7595.9
05.08.2021,7641.59
06.08.2021,7584.58
09.08.2021,7642.62
10.08.2021,7696.42
11.08.2021,7725.99
12.08.2021,7748.46
13.08.2021,7716.44
16.08.2021,7759.61
17.08.2021,7854.21
18.08.2021,7818.24
19.08.2021,7676.02
20.08.2021,7633.22
23.08.2021,7732.15
24.08.2021,7743.4
25.08.2021,7738.53
26.08.2021,7668.29
27.08.2021,7739.16
30.08.2021,7819.74
31.08.2021,7800.33
01.09.2021,7909.59
02.09.2021,7947.34
03.09.2021,7967.52
06.09.2021,8023.16
07.09.2021,7985.54
08.09.2021,7998.31
09.09.2021,7953.62
10.09.2021,7970.15
13.09.2021,8042
14.09.2021,8069.33
15.09.2021,8087.28
16.09.2021,8045.03
17.09.2021,8023.68
20.09.2021,7888.59
21.09.2021,7888.75
22.09.2021,8007.36
23.09.2021,8050.87
24.09.2021,8024.59
27.09.2021,8105.17
28.09.2021,8072.27
29.09.2021,8056.58
30.09.2021,8144.58
01.10.2021,8110.16
04.10.2021,8152.51
05.10.2021,8369.82
06.10.2021,8263.55
07.10.2021,8372.12
08.10.2021,8407.14
11.10.2021,8490.13
12.10.2021,8455.24
13.10.2021,8412.82
14.10.2021,8439.97
15.10.2021,8442.29
18.10.2021,8415.26
19.10.2021,8467.56
20.10.2021,8486.84
21.10.2021,8347.5
22.10.2021,8301.67
25.10.2021,8407.45
26.10.2021,8366.7
27.10.2021,8351.2
28.10.2021,8269.54
29.10.2021,8188.34
01.11.2021,8320.51
02.11.2021,8290.35
03.11.2021,8243.07
05.11.2021,8217.92
08.11.2021,8295.64
09.11.2021,8232.17
10.11.2021,8200.34
11.11.2021,8230.9
12.11.2021,8095.32
15.11.2021,8114.05
16.11.2021,8081.8
17.11.2021,8136.09
18.11.2021,8025.35
19.11.2021,7871.15
22.11.2021,7582.29
23.11.2021,7751.25
24.11.2021,7729.66
25.11.2021,7721.84
26.11.2021,7451.81
29.11.2021,7578.63
30.11.2021,7597.8
01.12.2021,7729.49
02.12.2021,7704.52
03.12.2021,7635.21
06.12.2021,7434.96
07.12.2021,7556.1
08.12.2021,7359.87
09.12.2021,7435.3
10.12.2021,7329.91
13.12.2021,7053.83
14.12.2021,7054.08
15.12.2021,7056.95
16.12.2021,7308.67
17.12.2021,7256.95
20.12.2021,7190.15
21.12.2021,7235.22
22.12.2021,7338.55
23.12.2021,7255.14
24.12.2021,7249.54
27.12.2021,7317.98
28.12.2021,7388.28
29.12.2021,7322.93
30.12.2021,7411.38
03.01.2022,7530.3
04.01.2022,7568.92
05.01.2022,7452.36
06.01.2022,7332.71
10.01.2022,7294.89
11.01.2022,7383.49
12.01.2022,7470.58
13.01.2022,7197.05
14.01.2022,7042.54
17.01.2022,6964.18
18.01.2022,6509.47
19.01.2022,6718.29
20.01.2022,6870.93
21.01.2022,6719.53
24.01.2022,6314.99
25.01.2022,6358.76
26.01.2022,6549.71
27.01.2022,6739.26
28.01.2022,6800.81
31.01.2022,6875.69
01.02.2022,6908.15
02.02.2022,6896.78
03.02.2022,6752.64
04.02.2022,6749.51
07.02.2022,6740.66
08.02.2022,6894.85
09.02.2022,7061.36
10.02.2022,7091.07
11.02.2022,6876.52
14.02.2022,6741.62
15.02.2022,6968.99
16.02.2022,7055.34
17.02.2022,6790.67
18.02.2022,6560.17
21.02.2022,5863.79
22.02.2022,5953.72
24.02.2022,3968.99
25.02.2022,4762.23
